ID1,ID2,Distance
90735,138924,0.013582
4122,79991,0.0149371
4122,24966,0.0149583
75747,23899,0.0101785
39208,175039,0.00935093
75747,16333,0.00846897
4122,23891,0.0109355
4122,16206,0.0149941
39208,197627,0.0145166
39208,57555,0.00253641
39208,175029,0.0136496
75747,4498,0.0144797
39208,101674,0.0102079
39208,175397,0.0145149
39208,30269,0.00169022
56114,82273,0.0145617
56114,82264,0.0110918
39208,39126,0.00765797
39208,112994,0.0110762
39208,70703,0.0102104
39208,112923,0.0119241
39208,112996,0.0145242
57355,16453,0.0127204
56115,23863,0.00846861
56115,175892,0.00506894
56115,18326,0.00933515
56115,27806,0.00932999
56115,22087,0.011906
56115,14244,0.00761888
101585,23823,0.0144029
56119,38093,0.00506097
57385,70678,0.0127506
101684,30131,0.00675409
57385,23907,0.0110347
57385,37946,0.00845906
57385,42141,0.00421719
57385,25180,0.00931438
57385,42026,0.0101773
57385,56131,0.00846543
57385,39203,0.0101725
57385,70693,0.000841434
57385,27766,0.00761334
57385,61565,0.0127516
57385,42157,0.0101772
57385,57468,0.00676723
57385,57474,0.0127514
26351,22138,0.0104061
57385,27964,0.0119027
57385,27741,0.0118873
57385,61705,0
57385,80030,0.0119002
38002,61637,0.0145483
38002,42012,0.00591693
38002,57450,0.0127609
38002,21003,0.00934982
38002,21029,0.00934982
38002,18357,0.0101959
38002,21091,0.0110612
38002,25574,0.0145249
38002,56017,0.011895
38002,18416,0.0102155
38002,90529,0.0136772
38002,30259,0.0136491
38087,57514,0.0124022
38087,70635,0.0144043
57425,112942,0.00677302
38087,25012,0.0135568
38087,27761,0.0135551
39177,56127,0.013648
39177,56142,0.0119197
39177,57315,0.0136062
27865,175768,0.0139354
57428,70604,0.000840902
39177,55977,0.0136543
16395,17627,0.0127053
39177,16194,0.00933429
39177,23784,0.00847451
39177,35614,0.012791
27865,42104,0.0118916
27865,38004,0.0118969
27865,21117,0.00990064
101641,55969,0.0119452
27865,25665,0.00790875
57433,16519,0.012696
101641,27825,0.0118961
101641,37975,0.0144748
16471,30083,0.0144149
101641,37971,0.0110216
61568,101593,0.00507314
27752,7998,0.00507258
112832,175157,0.0145005
27752,30133,0.00587201
57472,30231,0.0144121
112832,101625,0.0109866
30075,42172,0.0101371
16481,175713,0.00845908
42174,39282,0.00253054
42174,61638,0.00336832
42174,70456,0.00252581
42174,75720,0.00421194
101643,57547,0.0109631
42174,56140,0.0016865
42174,61576,0.00762551
42174,37899,0.0025258
30075,22114,0.0135195
57530,25576,0.00335548
42174,35529,0.0016817
42174,75707,0.0042141
57530,42676,0.0143876
42174,26252,0.0016817
42174,61476,0.00506412
42174,27823,0.0025258
57530,35648,0.00251309
42174,119730,0.0127619
56007,90515,0.00675475
61601,61620,0.00224719
56007,42166,0.00337111
56007,55891,0.00591046
56007,90471,0.00934587
56007,39153,0.00762881
56007,82181,0.00506103
112895,82293,0.00337825
27797,101532,0.013593
112895,112964,0.00422106
112895,61522,0.0016824
112895,57333,0.000841455
112895,70487,0.00252752
56036,101610,0.00421421
56036,70520,0.00336668
56036,80142,0.00421421
56036,70518,0.00336686
56036,75761,0.00336837
30279,35599,0.00987521
56036,55881,0.00168254
56036,61495,0.00336686
56036,90554,0.00506002
112914,90726,0.00846077
61621,70741,0.00420939
23827,26365,0.0109759
61621,16299,0.0084423
30279,35675,0.00843758
57345,75708,0.00505857
61621,23846,0.00842081
61621,57445,0.0135449
18380,70513,0.00335966
57345,56112,0.00846384
56079,70477,0.00678505
101801,56096,0.00423518
57345,22048,0.00336834
18380,70719,0.00167598
61677,57478,0.00083598
57345,61524,0.014434
57345,61534,0.0118782
27967,82187,0.0118914
57448,26260,0.0144291
90508,70674,0.0140989
27967,27897,0.00492037
70614,23907,0.0136033
70614,37946,0.0127474
70614,42141,0.0118967
70614,25180,0.0136148
38009,175099,0.012745
70614,42026,0.0101709
70614,197691,0.0144527
70614,39203,0.0145099
70614,42157,0.0136149
112860,42638,0.00251308
38009,175693,0.00926236
38009,37958,0.00083668
57463,70501,0.00677932
119621,22227,0.00337198
119621,90701,0.010172
112860,56050,0.00841844
57463,57411,0.00167672
57514,70635,0.0115445
70666,82222,0.0076262
112863,75688,0.0128551
57514,25012,0.00560886
112863,80117,0.0136488
57465,75853,0.0144504
57465,112895,0.0016824
57514,25575,0.0140687
57514,27761,0.00898978
57514,61648,0.01154
57465,82297,0.0093313
70644,42174,0.00337665
57465,82293,0.00421425
70678,113004,0.00927417
70644,39282,0.00421482
70644,61638,0.00336682
70644,70456,0.00421152
70678,23907,0.00928345
70678,37946,0.0127
70678,42141,0.00757823
70644,75720,0.00590168
70678,25180,0.0101453
70678,42026,0.00926437
70678,56131,0.0144597
70644,56140,0.00506371
70644,61576,0.00933261
70678,113002,0.0109764
70678,197691,0.0143698
70678,39203,0.00926461
70678,70693,0.0135391
70644,37899,0.0042115
70678,80041,0.00335116
70678,27766,0.0109756
70644,35529,0.00336681
70678,175343,0.0143948
70644,75707,0.00590895
70678,42157,0.0109643
70644,26252,0.00336681
70644,61476,0.00675554
70678,27964,0.0109652
70644,27823,0.0042115
70678,27741,0.0126811
39113,42034,0.00842345
70678,61681,0.0135207
57465,112964,0.00420961
70678,80035,0.00419357
70644,119730,0.0136016
57465,61522,0.00167602
70678,61705,0.0126855
70678,80030,0.00251127
70678,80042,0.0075677
70678,175946,0.0101184
57465,57333,0.000836714
57465,70487,0.00251326
70717,55885,0.00422049
57523,27973,0.0115313
70713,42067,0.0127821
42657,82177,0.0141094
42657,127298,0.00728783
70741,16299,0.005044
101544,112909,0.00421546
21102,14482,0.0141536
70741,23846,0.00503129
35492,70515,0.0118535
101544,112832,0.000840454
21102,35567,0.0109339
70741,57445,0.010964
21102,175523,0.0132232
75674,17709,0.0118096
21102,18353,0.0102786
21102,14674,0.014195
42137,57449,0.00419039
21102,39243,0.0132067
21102,57515,0.0142049
101544,55885,0.0118767
101544,175157,0.00933284
21102,16086,0.0142063
101544,90623,0.0144609
101544,101625,0.00760205
75808,101534,0.00506091
37990,175767,0.0110743
37990,175529,0.0119418
75808,61752,0
112968,23899,0.0136358
23804,39194,0.00589404
112968,16333,0.0136329
80017,75696,0
61744,175214,0.0126801
42160,70736,0.00588732
61744,61640,0.0126636
113003,138916,0.0135286
79976,17655,0.00167308
79976,57332,0.00587595
80018,61501,0
80033,30059,0.0033513
70635,25012,0.0109631
80033,119743,0.0118695
101722,175292,0.00847725
70635,27761,0.0144043
70635,61648,0.0135206
79986,70478,0.00505881
101722,80128,0.0101985
80054,119674,0.00675187
80054,90647,0.000835981
23882,20996,0.00593582
42638,56050,0.00672601
55927,16112,0.00253189
80123,39177,0.0136118
80123,56127,0.00675635
80123,56142,0.00590574
80123,57315,0.0118161
75769,14265,0.0126496
80123,55977,0.0143964
80123,16194,0.0101425
80123,23784,0.0101463
139008,90686,0.00847435
80123,35614,0.00672226
80123,39252,0.0135431
55965,30300,0.00675558
80126,61686,0.00506597
80153,57441,0.00762835
23899,16333,0.00167748
112909,112832,0.00505277
23899,4498,0.00505293
112909,90732,0.0144878
112909,55885,0.0109865
112909,175157,0.0118962
112909,90623,0.0126922
112909,101625,0.00843331
139062,30112,0.0144627
127308,127398,0.00843928
80107,30128,0
80107,56025,0.0127128
80107,75797,0.00674281
80107,61535,0.00589577
127308,22127,0.0101563
80107,55958,0.00677753
80107,127405,0.00505936
80107,90658,0.00168153
80107,16201,0.0101583
80107,27839,0.00505981
80107,38087,0.00760253
80107,57514,0.00223954
80107,70635,0.00674288
82187,27897,0.0109612
79994,197680,0.0143693
80107,101787,0.0084689
80107,101799,0.00850429
79994,61697,0.0101811
82188,80018,0.00251484
80107,25012,0.00420935
80107,138958,0.0110023
79994,80174,0.0118089
80107,139039,0.0118532
80107,25575,0.00928582
80107,27761,0.00591622
80107,61648,0.00758714
79994,61553,0.0118086
80107,138902,0.0110059
82375,101800,0.011004
139160,90632,0.00587945
82188,61501,0.00335407
82375,42623,0.00421084
82375,61587,0.00503071
139160,101739,0.00503064
82375,82199,0.00760168
82375,90499,0.00503071
82375,90514,0.00672068
82375,112847,0.00844734
119725,175668,0.0141078
82375,175485,0.0110193
82375,112821,0.00588915
82375,127337,0.00842616
82375,57334,0.00925587
82375,80039,0.00418967
82252,80136,0.00421431
82197,75748,0.013575
82375,80073,0.00420124
82375,80169,0.00672158
82375,82344,0.00587434
82375,101777,0.00671787
82197,14298,0.00933885
17652,75678,0.014482
17652,70651,0.0135363
17652,37894,0.0135446
82252,90690,0.0050355
82197,30224,0.00931177
17652,16374,0.00769178
25091,25113,0.00672693
90505,90556,0.00504048
17652,16304,0.0145328
57555,175029,0.0135391
57555,101674,0.00927877
57555,175397,0.0135467
57555,30269,0.0025176
90505,175833,0.00928424
57555,39126,0.00589519
138940,61620,0.0127553
57555,112888,0.0144044
57555,112994,0.00927972
57555,70703,0.00928394
57555,112923,0.0118311
57555,112996,0.0135409
139205,57532,0.0144761
75835,23891,0.0143996
75835,16206,0.0126539
80144,82221,0.00251794
90556,175833,0.0118407
174975,175815,0.0135647
174975,38001,0.0118945
174975,127344,0.0135958
174975,112991,0.0118416
90527,61677,0.0107111
174981,175780,0.00761115
90527,57478,0.0123989
90622,25582,0.00928752
139055,30135,0.00756415
139055,39206,0.00673877
139055,119728,0.00841321
174981,27948,0.0127481
139055,75753,0.0118373
139055,56144,0.0118828
139055,42179,0.0115337
174981,90482,0.00846615
82250,30157,0.00335497
139055,25595,0.00758332
139055,70670,0.0136027
139055,37974,0.0118218
139055,42024,0.00927568
139055,57385,0.0136329
82273,82264,0.00590285
139055,70678,0.0126822
139055,23907,0.0101334
139055,37946,0.011822
90559,175757,0.00503326
139055,42141,0.00927497
139055,25180,0.00928066
139055,42026,0.00841128
139055,197691,0.0118039
139055,39203,0.0109643
139055,70693,0.0144128
139055,27766,0.0135457
139055,42157,0.00926018
139055,57468,0.0144136
90678,175699,0.00423295
90678,119644,0.00168663
139055,27964,0.0118239
139055,27741,0.0118121
139055,61705,0.0135629
139055,80030,0.0126823
82174,80097,0.00590389
90732,90623,0.0016886
175074,90746,0
90515,42166,0.00503069
90515,55891,0.00587209
90515,90471,0.00167748
90515,39153,0.00841644
90515,82181,0.00925577
70686,70746,0.00419267
101615,101597,0.00252593
70686,27794,0.00926493
139216,175409,0.00763171
139216,175817,0.00846374
61645,61744,0.00671787
175159,56114,0.011925
139216,197666,0.00761958
175159,82273,0.00929921
139216,75815,0.00337257
139216,138979,0.00422206
175159,82264,0.00505147
90632,101739,0.00083598
139216,139086,0.00591828
101800,42623,0.0110113
101800,61587,0.0110113
101800,82199,0.0118626
101800,90499,0.0110113
101800,90514,0.0118828
101800,112847,0.00931226
139216,112882,0.00421568
61645,175214,0.00841263
101800,112821,0.00846412
139216,112856,0.00675469
61645,138947,0.00927442
61645,175499,0.0101019
101800,127337,0.0093226
61645,61640,0.000835981
101800,57334,0.0136033
101800,80039,0.0110113
101800,80073,0.0118591
101800,80169,0.0127218
101800,82344,0.012734
101800,101777,0.0110075
139216,175598,0.00845566
139216,197647,0.012762
61666,139022,0.00841629
175146,175786,0.00846884
27762,16423,0.0109906
101678,57484,0.0132274
101667,175588,0.00337682
174987,37910,0.00847382
175179,175104,0.00168596
174987,39122,0.0144538
174987,25155,0.0101834
101667,101567,0.000843044
101667,119585,0.00168663
174987,42012,0.0101717
174987,21003,0.00761596
174987,21029,0.006762
101667,139032,0.00848504
174987,18357,0.00932353
174987,21091,0.0119113
174987,25574,0.0136127
174987,25598,0.0136303
101690,175899,0.00335985
174987,18416,0.0101817
112950,175500,0.0135179
174987,90529,0.0101816
174987,25095,0.00506542
174987,30259,0.0136121
21070,22230,0.00288124
112981,175432,0.0101684
112981,175400,0.00503532
112819,127302,0.00756889
61753,14618,0.0084148
112981,174988,0.00504758
112981,175160,0.0109894
112981,112920,0.00167589
112981,119600,0.00251764
112981,119627,0.00335485
112981,127366,0.00419909
112981,175431,0.00419273
113004,42141,0.0126978
113004,113002,0.00503337
113004,80041,0.0135436
113004,42157,0.0144096
101657,112992,0.00932223
113004,80035,0.0144086
101657,119702,0.00506435
101657,175423,0.00846366
113004,80030,0.0101183
113004,80042,0.00928793
175295,112842,0.0127561
113004,175946,0.00419078
175295,101667,0.0118943
175295,175588,0.0118943
175295,101567,0.0110378
175295,119585,0.0110471
119602,70510,0.0110626
119602,139126,0.00591743
119602,175556,0.0101816
119602,90565,0.0145095
119602,90598,0.00252587
175359,101670,0.011031
70542,70599,0.00504797
175359,127419,0.00422092
175384,38042,0.0101612
175384,61577,0.0101834
175384,23823,0.00675193
175384,56115,0.0110272
175384,61635,0.0144742
101770,42141,0.011832
175384,23863,0.00930758
175384,18326,0.00931905
175384,27806,0.0110338
175384,22087,0.0118855
175384,14244,0.00845932
101770,112986,0.0135516
101770,101764,0.0058909
175430,175843,0.011109
175409,175817,0.0110479
70559,175019,0.0119269
175430,101589,0.00932955
42009,61718,0.00445077
175409,197666,0.0110706
70559,175216,0.0119269
119670,90668,0.0135426
175409,75815,0.00764635
175430,112887,0.00253048
175430,119597,0.00935003
175409,138979,0.00937535
70559,42658,0.00762724
42009,101653,0.00669043
42009,61485,0.00573394
175409,139086,0.00506571
175409,112882,0.00849254
175409,112856,0.0110484
42009,55984,0.00669032
42009,42105,0.00286426
112852,112837,0.00933776
42009,6491,0.00861138
42009,37881,0.00861408
35565,16453,0.0135405
112834,139111,0.0118881
35565,35562,0.00167323
175409,175598,0.0127626
175409,197647,0.0145043
119707,138917,0.00929818
42009,61622,0.00669886
112876,21003,0.0144006
175686,175705,0.00251947
112876,56017,0.012714
119707,112947,0.0101201
35581,25613,0.0118473
119707,175170,0.00927257
175437,175879,0.00845656
70670,37974,0.00760237
70670,42003,0.0127507
70670,42024,0.0110463
70670,57385,0.0127575
70670,70678,0.00336813
70670,113004,0.00422198
175437,82248,0.0118786
70670,23907,0.0101685
70670,37946,0.0127628
70670,42141,0.00761717
70670,25180,0.0101702
70670,42026,0.0101686
70670,56131,0.0144728
70670,113002,0.00591632
70670,197691,0.0144501
70670,39203,0.00931158
70670,70693,0.0136183
70670,80041,0.0076082
70670,27766,0.0101829
90545,101528,0.0137263
70670,175343,0.0136087
70670,42157,0.0101723
70670,57474,0.0144616
70670,27964,0.0110329
70670,27741,0.0127469
70670,61681,0.0127356
70670,80035,0.0084635
70670,61705,0.0127575
70670,80030,0.00421152
70670,80042,0.00252583
70670,175946,0.00506572
175853,175512,0.00844419
112940,14493,0.0118271
127413,22073,0.012682
90545,30246,0.00674428
127388,138959,0.0102344
90545,26261,0.004193
75666,80051,0.00419073
175894,175093,0.0118235
127388,101713,0.0102227
127388,127304,0.00169091
127388,119602,0.0067901
175844,175563,0.00936688
127388,70510,0.013701
127388,139126,0.00679865
127388,175556,0.0102227
127388,90598,0.00508458
138909,175779,0.0025236
175844,175750,0.011066
175844,175690,0.0119249
119674,90647,0.00590263
75815,138979,0.00253065
175900,61696,0.0118846
75815,139086,0.00678616
75815,112882,0.00337258
75815,112856,0.00590896
139054,175675,0.0110776
139054,101555,0.0124782
175900,175889,0.00168445
175900,175196,0.00675569
75815,175598,0.00760843
75815,197647,0.0127808
175900,175570,0.00168237
139086,112882,0.00677364
139086,112856,0.00932265
79984,70521,0.00593002
119734,16481,0.00862465
139086,175598,0.0110315
139086,197647,0.0118953
119734,175713,0.00666274
37924,56037,0.00676599
127333,82356,0.00676013
139061,138993,0.00593402
90675,80166,0.0127283
90675,30279,0.0084324
197665,75820,0.00507165
90675,35599,0.0107015
139061,75772,0.0145173
21098,27960,0.0019169
90675,35675,0.00758328
90675,57439,0.0135563
138897,90533,0.00422074
138897,139114,0.00678288
175145,101668,0.0076169
38082,56007,0.00337213
38082,90515,0.00334976
138897,139099,0.0067712
38082,42166,0.00167395
38082,55891,0.00419371
38082,90471,0.00589397
38082,39153,0.00757864
38082,82181,0.00672606
174996,175001,0.00252407
175012,101755,0.0118963
7998,30133,0.00168682
7998,61673,0.0144802
174992,175812,0.011892
174992,75841,0.00421078
7998,127417,0.0127578
101662,25174,0.00762086
139161,37912,0.0127448
174992,61628,0.00168253
101662,38008,0.0110409
175768,175035,0.00763492
139145,175342,0.00337632
175695,175310,0.00378967
175695,27986,0.00859905
175662,57361,0.00843415
175007,175000,0.00675742
42048,55893,0.000845718
175662,27803,0.00588911
175007,112824,0.0127785
175735,90626,0.00760321
175007,175422,0.00676319
175224,175189,0.000839843
175011,112981,0.00932349
175011,175432,0.0110346
175735,80017,0.00675581
175073,25124,0.0101372
175011,175400,0.0067708
175735,75696,0.00760248
175011,175160,0.00168439
82293,112964,0.00676276
17661,55889,0.0115757
14422,23804,0.00846708
175011,112920,0.0110373
82293,61522,0.00337007
14265,112824,0.0144311
175091,139008,0.00679108
175240,82277,0.00168599
82293,57333,0.00337007
82293,70487,0.00506395
175011,119600,0.0118997
175011,119627,0.0127644
175011,127366,0.013632
175011,175431,0.00932004
175000,112824,0.0119029
175016,139054,0.00678088
175016,175675,0.00765068
175016,101555,0.0107591
175000,175422,0.00336815
175091,90686,0.0119464
175817,197666,0.00505886
14422,39194,0.010217
175817,75815,0.00761681
175817,138979,0.00933577
175817,139086,0.00932235
175268,175411,0.0102145
175817,112882,0.00932235
175817,112856,0.0101606
175029,101674,0.00503301
175029,175397,0.00756497
175029,30269,0.0143912
175817,175598,0.00421155
175817,197647,0.00845523
175029,90478,0.0126821
175029,112888,0.00588088
175029,70703,0.00757251
175029,112923,0.00504702
175029,112945,0.00841618
175029,112996,0.00589544
175201,175202,0
175826,119735,0.0127374
90658,27839,0.00845894
175826,70700,0.00760802
175826,90677,0.00646555
90658,38087,0.0127294
90658,57514,0.00562214
90658,70635,0.0110127
90658,25012,0.00760319
175432,175400,0.00506081
90658,25575,0.0127193
90658,27761,0.0101688
90658,61648,0.00762
175432,175160,0.012757
42603,90682,0.00503428
175432,119627,0.0144702
175432,175431,0.0101718
112957,175010,0.0119189
27928,37910,0.010635
27928,39122,0.0145006
27928,25155,0.0116031
112957,101527,0.00168009
175492,175745,0.00677705
112957,101544,0.00168237
112957,112909,0.0042048
27928,42012,0.0106082
27928,21003,0.00769986
27928,21029,0.00769986
27928,18357,0.00866803
112957,112832,0.00336442
27928,21091,0.00964284
27928,25574,0.0145464
27928,25598,0.0135781
27928,18416,0.0116012
27928,90529,0.0135771
112957,55885,0.0135615
175181,70642,0.0144827
112957,175157,0.0136318
16139,138992,0.0126894
175181,127349,0.00506421
175181,175244,0.0101776
112957,90623,0.0144288
112957,101625,0.0109898
56014,23909,0.0144621
16139,70653,0.0133895
16139,35530,0.00759273
16139,42592,0.00757505
16139,61599,0.0101259
26276,38009,0.00845611
175440,175796,0.00591857
175440,175839,0.00592857
197682,138955,0.0124673
197682,175438,0.0124729
175440,197635,0.00846553
26276,37958,0.0103594
101582,23787,0.00673773
197682,127360,0.00815245
197682,175641,0.00815496
175563,175690,0.0127235
175588,101567,0.00251725
175588,119585,0.00335839
119718,175735,0.00424778
175588,139032,0.00758894
119718,90626,0.00339237
175577,175582,0.00167594
101650,101657,0.00140124
119718,80017,0.00339608
101650,112992,0.00647339
119718,75696,0.00339608
175675,101555,0.00987684
101650,119702,0.00308732
101650,175423,0.00647096
175699,119644,0.00421562
175327,90620,0.0109754
175691,175065,0.0118854
175327,70507,0.0135498
101725,75809,0.00168168
101725,75847,0.0135898
101725,82282,0.00930776
3948,14723,0.0133286
175717,175687,0.0136175
175717,197634,0.0144545
175706,175689,0
101728,174982,0.0116087
6614,27776,0.00476513
175380,61747,0.00845588
138982,101626,0.0136718
175722,175865,0.011038
138982,127365,0.0110612
101728,61471,0.00308926
138982,119712,0.0110744
175722,197614,0.0127571
138982,127398,0.00849608
14380,35598,0.0105705
175749,138934,0.00506049
14380,22097,0.0134808
14380,27744,0.00863562
14380,22052,0.0134808
61545,75693,0.00504627
138982,22127,0.0102233
175767,175529,0.000840909
101806,56036,0.00392936
101806,101610,0.00478272
75767,57556,0.00380501
75767,139031,0.0076332
101806,70520,0.00392042
101806,80142,0.00644178
101806,70518,0.00391324
101806,75761,0.00559394
101806,55881,0.00391264
101806,61495,0.00391323
175820,101726,0.0144822
101806,90554,0.00813164
175780,27948,0.014484
75767,79994,0.0115012
75767,197680,0.0134066
175780,90482,0.0101847
75767,61697,0.00189704
175679,57556,0.0109746
175837,175143,0.000843049
175805,139047,0.00252398
75767,80174,0.012434
175821,175874,0.00335971
175805,101726,0.0118511
75767,61553,0.00763909
175805,175823,0.00167993
175805,175354,0.00167742
175679,79994,0.0118349
175805,139095,0.000838082
175815,38001,0.00932137
175815,127344,0.0135961
175679,197737,0.00588044
175843,101589,0.0136668
175843,112887,0.00850838
175843,119597,0.00422544
175815,112991,0.0109935
112869,112989,0.0110476
175850,175883,0
175902,175022,0.0127708
175880,175530,0.00672812
175884,101679,0.0109745
119636,175444,0.0101814
119636,175805,0.0118507
119636,139047,0.0110303
197680,80174,0.014374
119636,101726,0.00675595
119636,175545,0.0143995
119636,175823,0.0118215
119636,175354,0.0109741
119636,139095,0.010974
70484,70505,0.00729116
197615,175070,0.00677123
127319,30176,0.00758313
175869,101527,0.0144599
127319,57375,0.00928825
127319,175460,0.00420347
127319,90557,0.00420427
70546,42664,0
22079,24962,0.0145199
35494,22185,0.00505134
175869,197650,0.00253554
175869,175863,0.00337195
197686,175881,0.00849463
25020,30098,0.00251321
175031,21013,0.0102035
25020,9959,0.0101371
197696,61694,0.00842064
6491,37881,0.00589107
175066,101759,0.00422145
6491,61622,0.0127203
197696,70589,0.0126814
197696,90517,0.0143793
127397,175749,0.01019
75680,16476,0.00252586
197620,139216,0.0081728
197620,175409,0.0116149
197620,175817,0.00903982
127397,138934,0.00677152
8426,14450,0
75731,23823,0.0126832
9639,9920,0.00167392
197620,197666,0.00990097
197620,75815,0.00477448
22089,23890,0.0067392
197620,138979,0.00732585
197620,139086,0.0107502
127409,138917,0.00591032
197620,112882,0.00817284
197620,112856,0.0107275
75731,27806,0.0101311
127409,112947,0.0127289
25595,90659,0.0067563
25595,138928,0.0119876
138979,139086,0.00850955
25595,70670,0.00760844
25595,175355,0.0136333
25595,37974,0.0025195
25595,42003,0.00760907
25595,42024,0.00168024
25595,57385,0.00591052
138979,112882,0.00592888
197620,175598,0.00902892
25595,70614,0.0110323
25595,70678,0.00758862
25595,113004,0.0135794
138979,112856,0.00590905
25595,101770,0.013586
25595,23907,0.00167813
25595,37946,0.00251951
25595,42141,0.00168025
75731,14244,0.0135485
25595,25180,0.00083808
25595,42026,0.00168225
25595,56131,0.0110268
25595,101595,0.0118519
25595,197691,0.00673919
138979,175598,0.00761697
25595,39203,0.00251949
138979,197647,0.0145278
25595,70693,0.00674669
14298,30224,0.00932449
25595,80041,0.0118514
25595,27766,0.00421032
25595,61565,0.00930089
25595,139012,0.0144306
25595,42157,0.00251954
25595,57468,0.0084441
25595,57474,0.00844549
25595,75830,0.0101516
25595,82259,0.0135558
25595,119594,0.0118469
25595,27964,0.00252882
25595,27741,0.00335967
25595,61681,0.00759269
25595,80035,0.012714
25595,61705,0.00589557
25595,75777,0.0118786
25595,80030,0.00674441
25595,80042,0.0109901
25595,90648,0.0135471
25595,175946,0.0144296
139081,75690,0.0050331
7900,27979,0.00931347
75735,61676,0.00757171
139081,22130,0.0135639
75748,14298,0.0127557
75748,30224,0.0135738
5176,6604,0.0115004
16201,27839,0.00844493
16201,25012,0.00846526
24952,90569,0.0127298
24952,21007,0.0109921
139127,35649,0.00590313
175674,139194,0.0103104
16333,4498,0.00421135
16206,38108,0.0144653
17660,25086,0.0135628
80036,61758,0.00678334
39133,30072,0.00906641
25019,16532,0.0135331
39133,139067,0.011914
25019,61733,0.0084456
39133,25097,0.0127623
39133,28005,0.0127837
25019,75764,0.0109782
25050,57433,0.00589094
17602,22105,0.00335498
25050,16519,0.0093008
17602,42015,0.00757347
39168,197665,0.0136339
39168,75820,0.00847527
17602,82224,0.00589955
17610,22098,0.0141476
17602,42007,0.0084091
80096,75745,0.0145046
39168,175770,0.00847132
80166,30279,0.0136009
17697,9805,0.0144366
175099,37958,0.0127448
80166,175847,0.0127516
80166,35675,0.00846439
80166,57439,0.0110133
23826,27989,0.00674302
23826,37890,0.00335556
21049,24948,0.00252756
23826,21009,0
21049,21069,0
30126,25000,0.00761361
23826,80028,0.00925224
23826,42136,0.0118343
23907,37946,0.00674541
23907,42141,0.00505326
23907,25180,0.0042035
23907,42026,0.00421786
23907,56131,0.0144731
175171,55892,0.0126971
23907,101595,0.0127022
23907,197691,0.00929477
23907,39203,0.00504813
23907,70693,0.0118651
23907,80041,0.0144177
23907,27766,0.00760118
23907,61565,0.0118595
23907,139012,0.0144157
23907,42157,0.00674996
23907,57468,0.0135861
23907,57474,0.0110068
23907,75830,0.0118651
23907,119594,0.0118537
23907,27964,0.00421786
23907,27741,0.00674283
23907,61681,0.0101512
23907,61705,0.0110066
23907,75777,0.0135945
23907,80030,0.0092906
23907,80042,0.0135635
23907,90648,0.0135545
22219,101631,0.00846343
22221,23902,0.00758446
22105,42015,0.00251773
18349,30091,0.00335323
22105,82224,0.00842986
30194,30130,0.0008367
22105,42007,0.0118117
22227,90701,0.00760823
24998,17709,0.0118551
23814,90678,0.00755874
23814,175699,0.0104368
23814,119644,0.00851652
90555,27839,0.0135373
21022,18366,0.0126597
90555,25012,0.0135414
175231,175561,0.0144006
23892,30274,0.00336799
22204,22221,0.00335873
22204,23902,0.00759167
23892,38043,0.00929824
57317,37939,0.0129858
57317,37978,0.00602322
23892,37911,0.0118575
21022,35560,0.00841333
23892,30262,0.0118478
175355,119666,0.00168251
23892,39111,0.0118661
175371,138996,0.00337686
23808,175672,0.0136506
23808,23794,0
57317,57544,0.0138792
57317,42594,0.0121128
90659,37974,0.0127472
90659,42003,0.0144751
90659,42024,0.00931445
90659,57385,0.0127357
175426,138933,0.0118872
90659,23907,0.0101712
90659,37946,0.0118832
90659,42141,0.00845903
175426,80124,0.00676569
90659,25180,0.00506378
90659,42026,0.00846858
90659,39203,0.0110217
90659,70693,0.0144649
90659,27766,0.0118876
90659,42157,0.0118846
90659,27964,0.0118987
90659,27741,0.0067639
90659,61681,0.0144837
90659,61705,0.0135985
175428,175123,0.00844168
175428,175827,0.000838793
175428,75762,0.0127793
175428,175657,0.0143769
26322,70698,0.00419294
175428,61694,0.00674797
175621,175667,0.0133432
26322,80006,0.00335311
175428,61492,0.00932468
175428,70589,0.0101626
175428,175656,0.000836684
175428,175720,0.00251767
175428,175752,0
175621,30135,0.0143074
175621,138928,0.0134809
26380,61719,0.00812984
22231,21078,0.00252577
175621,101770,0.0104773
175621,42141,0.0133449
175621,175049,0.0123856
175621,112986,0.0114432
37955,175941,0
175444,175805,0.00336745
175621,175348,0.0143008
175444,139047,0.000840194
37955,37878,0.00926649
37955,35604,0.00929919
175444,101726,0.0127456
175444,175823,0.00336809
175444,175354,0.000840194
37955,25604,0.0050334
175444,139095,0.00252397
90739,24959,0.0127136
90739,80123,0.0135274
90739,39177,0.0119157
90739,56127,0.0136198
90739,56142,0.011895
25155,38002,0.013673
30094,27820,0.00393099
25155,61637,0.0118811
90739,55977,0.0109816
25155,42012,0.00589518
25155,57450,0.0144446
90739,16194,0.0110095
90739,23784,0.0118639
25155,21003,0.0025195
25155,21029,0.00336342
25155,18357,0.00420645
25155,57533,0.0109823
90739,35614,0.0126947
90739,112955,0.00927024
25155,21091,0.00760823
25155,25574,0.0101559
175482,42172,0.0110209
25155,25598,0.00759737
25155,56017,0.0135775
25155,18416,0.00590106
25155,90529,0.00420416
25155,25095,0.0101513
25155,30259,0.0101458
25155,39214,0.0135776
101537,119665,0.011879
25576,42676,0.0126803
175917,138970,0.0075749
25576,35648,0.00083669
38042,57398,0.0118728
38042,61577,0.00930924
175917,127332,0.0075749
175506,175301,0.00252591
175506,175840,0.00506415
38042,75731,0.00251468
38042,23823,0.00503455
38042,56115,0.00931479
175506,175912,0.00252408
175917,139125,0.0114038
27772,22127,0.0144486
175506,175809,0.00252409
38042,23863,0.00842897
38042,175892,0.0144071
38042,18326,0.00926766
38042,27806,0.00335143
38042,22087,0.011837
38042,14244,0.00672766
38120,90739,0.0118164
38120,24959,0.00673816
38120,80123,0.0118121
38120,39177,0.00932988
27981,37951,0.00503759
38120,56127,0.0118882
38120,56142,0.0101711
38120,57315,0.0143728
38120,55977,0.00756546
38120,16194,0.00673913
38120,23784,0.00589081
38120,35614,0.0109769
175626,175337,0.010189
39131,56106,0.00679661
35582,25149,0.0135704
25611,27944,0.0101455
35682,30112,0.00084735
35682,80135,0.0068078
35537,61666,0.00846158
39229,22204,0.0101339
39229,22221,0.00842894
39229,23902,0.00756541
35537,139022,0.0141533
27825,37975,0.00334992
175719,22207,0.00675599
27825,90539,0.010963
27825,37971,0.00756497
27825,57337,0.00419251
175773,82252,0.0110348
112842,101667,0.00253044
112842,175588,0.00422149
175773,80136,0.00676464
112842,101567,0.00253044
112842,119585,0.00253503
112842,139032,0.00933077
35538,37904,0.000838807
37893,37972,0.00139426
30074,75789,0.00990178
175773,90690,0.00761394
175773,175754,0.0059109
35666,101542,0.00928367
37903,61645,0.00391274
35666,4912,0.0127276
175858,61747,0.0101994
37903,61744,0.0064486
27839,38087,0.0135771
27839,57514,0.00730246
27839,70635,0.0118165
112963,119664,0.0084673
27839,25012,0.00335121
37878,35604,0.0101711
30072,139067,0.0115269
37903,175214,0.00898258
37903,138947,0.00982974
37903,175499,0.0106719
37878,25604,0.00758374
37903,61640,0.00812999
112963,175655,0.0084077
112963,175673,0.0118437
27839,25575,0.0143605
30072,22103,0.0149484
30072,25097,0.0107022
30072,28005,0.00475092
27839,27761,0.0118866
27839,61648,0.0135302
37881,61622,0.0126938
30135,39206,0.000838818
30135,119728,0.00251322
30135,75753,0.00420061
37946,42141,0.00420079
30135,56144,0.00422215
30135,42179,0.00307037
37946,25180,0.00590347
37946,42026,0.00503543
37946,56131,0.0101774
30135,25595,0
37946,197691,0.00842397
37946,39203,0.00759308
112998,101583,0.00419344
37946,70693,0.00926614
37946,27766,0.00759015
30135,90659,0.00590895
37946,61565,0.0101474
30135,138928,0.00935906
30135,70670,0.00675576
37946,42157,0.00672821
37946,57468,0.0118248
37946,57474,0.00928944
30135,175355,0.0136333
30135,37974,0.00335561
30135,42003,0.00675447
30135,42024,0.001676
30135,57385,0.00336998
37946,27964,0.0084226
37946,27741,0.00843187
30135,70614,0.0101707
30135,70678,0.00672047
37946,61681,0.0126977
112998,75717,0.00336183
30135,113004,0.0109755
37946,61705,0.00841625
30135,101770,0.0109763
37946,80030,0.0118537
30135,23907,0.00252106
30135,37946,0.000836706
30135,42141,0.000836712
30135,25180,0.00083808
30135,42026,0.00167804
30135,56131,0.00676393
30135,101595,0.0118121
30135,113002,0.0126821
30135,197691,0.00503825
30135,39203,0.00251314
30135,70693,0.00419836
30135,80041,0.0109636
30135,27766,0.00335512
30135,61565,0.00504041
30135,139012,0.0127013
175941,37878,0.00757519
30135,42157,0.00167391
30135,57468,0.00672982
30135,57474,0.00419849
30135,75830,0.00927667
30135,82259,0.0143876
30135,112986,0.0135833
30135,119594,0.0126753
30135,27964,0.00337062
30135,27741,0.00335122
30135,61681,0.00672578
30135,80035,0.0118211
30135,61705,0.00335304
30135,75777,0.0118489
30135,80030,0.00587901
30135,80042,0.0101115
30135,90648,0.014373
30135,101764,0.0135299
30135,119666,0.0144107
30135,175946,0.0118214
175941,35604,0.00845358
38001,127344,0.0127622
175941,25604,0.00335123
38001,112991,0.00506415
39207,27884,0.00335961
39207,25013,0.00505122
39207,27921,0.00420347
26395,39211,0.0076232
55905,80103,0.0058876
174982,61471,0.010178
55905,37976,0.00420421
55905,70644,0.00675561
55905,42174,0.00506419
27965,175643,0.00587596
55905,39282,0.00590122
55905,61638,0.00505142
55905,70456,0.00589387
35616,37902,0.000838789
42141,25180,0.0042114
42141,42026,0.00335404
42141,56131,0.00676397
42141,101595,0.0143931
42141,113002,0.014412
27965,56111,0.0101443
55905,75720,0.00589385
42141,197691,0.010121
42141,39203,0.00504843
42141,70693,0.00504037
42141,80041,0.0118347
119690,101637,0.0144727
55905,56140,0.00674264
55905,61576,0.011018
42141,27766,0.00335514
42141,61565,0.00842421
55905,37899,0.0025195
42141,42157,0.00504041
42141,57468,0.00588861
42141,57474,0.00757371
42141,75830,0.0135647
42141,112986,0.0135836
55905,35529,0.00336348
55905,75707,0.00758695
42141,27964,0.00673301
55905,26252,0.00336348
55905,61476,0.00505294
42141,27741,0.0067368
42141,61681,0.0101327
27965,26254,0.00419031
55905,27823,0.00421005
42141,80035,0.0118349
42141,61705,0.00419592
55905,119730,0.013567
42141,80030,0.00673667
42141,80042,0.0126858
42141,175946,0.0135447
42623,61587,0.00168449
42623,82199,0.00592911
42623,90499,0.00253068
42623,90514,0.00422218
42623,112847,0.00844971
42623,175485,0.0110187
55906,37910,0.0110045
55906,39122,0.0127033
42623,112821,0.00590905
42623,127337,0.00845544
42623,57334,0.00676252
55906,25155,0.0127173
42623,80039,0.00168449
55906,38002,0.0145033
42623,80073,0.00337012
55906,42012,0.00929628
55906,21003,0.010146
55906,21029,0.010146
27757,101624,0.0109636
42623,80169,0.00506609
42623,82344,0.00337954
42623,101777,0.00505902
55906,18357,0.0109983
55906,21091,0.0101558
127321,127310,0.00671626
42676,35648,0.0126805
30098,9959,0.013563
127375,127333,0.00931688
175024,174978,0
55906,18416,0.0118523
175024,175659,0.000841426
55906,30259,0.0144369
55906,90629,0.0110238
30112,80135,0.00757027
30206,35655,0.0084597
38074,80096,0.0127251
30206,80107,0.0103586
30206,30128,0.00846683
127375,82356,0.00419961
175064,119683,0.00847401
175064,127326,0.00763111
30206,16201,0.0103639
30206,27839,0.011321
175065,82274,0.01275
39206,119728,0.00421032
55958,90658,0.0110193
39206,75753,0.00505293
39206,56144,0.0033727
30154,70666,0.00933584
30206,25012,0.0113376
55958,16201,0.0144835
39206,42179,0.00561717
55958,27839,0.00931932
30154,82222,0.0101415
39206,25595,0.000838816
55958,38087,0.0118852
55958,57514,0.0124569
39152,9733,0.0144252
39206,90659,0.00845903
39206,138928,0.0120044
39206,70670,0.00846384
39206,175355,0.0145011
39206,37974,0.00506132
39206,42003,0.00760919
39206,42024,0.00422036
39206,57385,0.00846692
30206,61648,0.0141559
55958,25012,0.00846557
39206,70614,0.0110324
39206,70678,0.00844246
39206,113004,0.0135796
127398,22127,0.00505299
39206,101770,0.0135989
39206,23907,0.00167813
39206,37946,0.00591396
39206,42141,0.003371
175123,175827,0.0135776
39206,82363,0.0109932
175123,75762,0.014451
175123,175657,0.0126961
39206,25180,0.00336412
39206,42026,0.00336249
39206,56131,0.011885
39206,101595,0.0127147
39206,197691,0.00505134
175123,61694,0.010144
55958,27761,0.0136741
127405,90658,0.0127218
175123,61492,0.012731
175123,70589,0.0127128
175123,175656,0.0118506
127405,27839,0.0110182
127405,38087,0.0144618
127405,57514,0.0133283
175123,175752,0.0127055
55969,27825,0.0110464
127405,101787,0.0110267
127405,101799,0.010195
127405,25012,0.0135974
55969,37975,0.0127727
127405,138958,0.0110364
56113,30291,0.00506434
8434,5389,0.00757974
55969,37971,0.0101946
39206,39203,0.0025195
39206,70693,0.00929654
39206,80041,0.0127069
30274,38043,0.00929823
39206,27766,0.00421036
39206,61565,0.010159
39206,139012,0.00843821
39206,42157,0.00420504
39206,57468,0.011861
39206,57474,0.00930089
30274,37911,0.0118577
39206,75830,0.0101517
39206,75839,0.0144298
39206,82259,0.0144067
39206,119594,0.0109933
39206,27964,0.00336764
39206,27741,0.00590139
30274,30262,0.0144298
39206,61681,0.00844529
39206,80035,0.0135712
30274,39111,0.0144662
56127,56142,0.00168237
39206,61705,0.00844542
39206,75777,0.0127235
39206,80030,0.00759759
39206,80042,0.0118466
39206,90648,0.0135472
56127,57315,0.0144596
56127,55977,0.0136308
56127,16194,0.00932873
56127,23784,0.0101889
56127,35614,0.00252746
127405,139039,0.0118938
127405,138902,0.0127449
175352,197668,0.00847348
127416,175837,0.00509177
56142,57315,0.0135966
127416,175143,0.00423867
56142,55977,0.0119048
56142,16194,0.00761842
56142,23784,0.00847685
37894,16374,0.0143762
56142,35614,0.000841442
56045,75666,0.00336717
42015,82224,0.0101331
175363,175461,0.00932231
27997,56093,0.00588793
37894,16304,0.0109891
39246,57510,0.0110371
175400,174988,0.0101169
175400,175160,0.00844327
56045,80051,0.00506551
175400,112920,0.0101254
175400,119600,0.0109806
37894,25698,0.00335963
175400,119627,0.00927253
175400,127366,0.0101251
175400,175431,0.00419301
39246,127302,0.0135788
39246,25119,0.0144078
175401,119586,0.00253047
138896,90700,0.0110071
57421,38049,0.00337251
57421,80090,0.0033793
138928,37974,0.0128302
138928,42024,0.013702
57421,42669,0.00337251
30284,61643,0.0135535
138928,101770,0.00338376
138928,23907,0.0137075
138928,37946,0.0145584
138928,42141,0.0102223
175494,112861,0.0127679
42076,55939,0.00759766
138928,39203,0.0137223
175494,139004,0.00337101
138928,27766,0.0136839
101703,82336,0.0102034
175494,175349,0.00845142
138928,112986,0.0137026
35599,35675,0.0107113
175494,175778,0.00168237
138928,101764,0.00679672
35600,70604,0.0144705
42076,30081,0.00841641
42076,27802,0.00587898
42124,80115,0.0110935
42124,119621,0.00761185
175556,90565,0.0144744
175556,90598,0.00761636
42124,22227,0.00761669
138970,90461,0.0135247
138970,127332,0.00168171
42124,90701,0.0144683
57544,42594,0.0118269
175565,175769,0.00926374
175565,101802,0.00336825
57544,57558,0.013582
138970,139125,0.00167813
175565,139048,0.00588592
175565,175308,0.0092656
16534,23874,0.000840921
175565,139183,0.0092665
175565,175168,0.00674219
57390,25562,0.0136476
139020,127319,0.0109931
139020,30176,0.0109971
37978,75792,0.00850971
38108,82342,0.00252361
61513,61537,0.00335119
139020,57375,0.0127005
56020,39229,0.0126735
139020,175460,0.0101426
139020,90557,0.0127139
38021,30061,0.0041897
175643,56111,0.0126997
56020,22204,0.0127194
56020,22221,0.0127053
56020,23902,0.00251492
175643,26254,0.0101048
61587,82199,0.00422214
61587,90499,0.00251788
61587,90514,0.00167602
61587,112847,0.00844971
61587,175485,0.0127387
61587,112821,0.0058941
61587,127337,0.00843402
175769,101802,0.0110104
61587,57334,0.00757856
37978,57544,0.00507708
61587,80039,0.00336238
42164,35631,0.0135746
61587,80073,0.00503553
61587,80169,0.00335411
175769,139048,0.011809
37978,42594,0.00592543
56144,42179,0.0107767
56144,25595,0.00422215
57398,61577,0.0136001
37978,57558,0.00851026
56144,90659,0.0136144
56144,70670,0.0118962
57398,23823,0.00930064
56144,37974,0.00763213
56144,42003,0.0128036
56144,42024,0.00678673
56144,57385,0.0118972
61587,82344,0.0033624
61587,101777,0.0050335
57398,56115,0.0127363
56144,70614,0.0127476
56144,70678,0.0127657
61637,42012,0.0101459
56144,23907,0.00761739
56144,37946,0.00849308
56144,42141,0.00592921
61637,21003,0.0110051
61637,21029,0.0110051
61637,18357,0.0127141
56144,25180,0.00763207
56144,42026,0.00676259
61637,25574,0.0144457
56144,197691,0.00845392
56144,39203,0.00591857
56144,70693,0.0127514
139064,175237,0
56144,27766,0.00677153
56144,61565,0.0136333
57398,23863,0.0135783
61637,18416,0.0101301
61637,90529,0.0144504
56144,42157,0.00847487
56144,57474,0.0127639
56144,75839,0.0118833
139064,139014,0
56144,27964,0.00761216
57398,18326,0.0144528
57398,27806,0.0135909
56144,27741,0.0101995
56144,61681,0.0110334
56144,61705,0.0118972
57398,14244,0.0118695
56144,80030,0.0119151
57342,61644,0.00422041
26273,30297,0.000935935
175827,61694,0.0110336
175827,61492,0.0145173
175827,175656,0.00168015
39167,79995,0.00591035
139067,25097,0.0033584
139067,28005,0.0143655
175827,175720,0.00337058
175827,175752,0.00759463
42677,16086,0.00335742
26378,70613,0.0141139
175865,197614,0.0136417
42020,39232,0.00841148
42020,90724,0.0109909
61730,70482,0.00589597
26378,26391,0.00561423
175937,82328,0.00933605
175937,90618,0.0136337
197650,175863,0.0110182
39217,27922,0.00676806
57510,127302,0.0127451
57510,25119,0.0110484
174980,175815,0.0144549
42104,38004,0.0110045
174980,38001,0.0135902
174980,127344,0.0136132
42104,21117,0.0135701
42104,25665,0.0127092
61475,17603,0.00448577
174980,112991,0.0135825
42680,175755,0.00841826
70510,112965,0.0136319
70510,139126,0.0118943
70510,175556,0.00931396
70510,90565,0.0136318
70510,90598,0.00848703
42139,175417,0.0118225
42187,56071,0.00592028
42139,175428,0.0109546
70513,70719,0.00420024
23812,26260,0.0135882
5222,7921,0.00590164
42139,175123,0.0135309
42139,75762,0.0110153
42011,57319,0
42139,61694,0.00840757
42139,175581,0.0135289
42139,61492,0.0118016
42139,70589,0.0135075
23823,56115,0.00506379
42139,175752,0.0143648
23823,61635,0.00928421
23823,23863,0.00420516
23823,175892,0.0101328
23823,18326,0.00420249
23823,27806,0.00503888
23823,22087,0.00672599
23823,14244,0.00251136
42105,6491,0.0144623
42105,37881,0.0136033
61577,23823,0.00420089
61577,56115,0.00847786
42105,61622,0.0101822
25024,39159,0.0103364
61625,61706,0.00475256
61577,61635,0.0109902
42111,56057,0.00848336
61577,23863,0.00758947
61577,175892,0.0144332
25024,16462,0.00749693
61577,18326,0.00673227
61577,27806,0.00932279
61577,22087,0.0110085
61577,14244,0.00760447
70662,30227,0.00933572
70662,42127,0.00846105
24959,80123,0.00928769
24959,39177,0.00933109
24959,56127,0.00761193
24959,56142,0.00591021
24959,57315,0.0101344
24959,55977,0.00844365
27943,175376,0.0131955
24959,16194,0.00420348
24959,23784,0.00420423
24959,35614,0.00674029
24959,39252,0.0127314
61603,35603,0.0050718
27943,61700,0.00937113
27943,27983,0.00372926
25022,22165,0.0112706
25022,127420,0.012198
55951,61645,0.0143671
75690,22130,0.00931582
56083,70592,0.0110417
75690,30293,0.0135929
139191,101798,0.0145604
61696,55979,0.00591029
25157,38062,0.0016825
139191,61696,0.0102589
70456,75720,0.00503126
70456,56140,0.00419289
70456,61576,0.00843237
70456,37899,0.00335136
139191,55979,0.0145526
61696,101555,0.00899422
139191,112853,0.0119904
70456,35529,0.00251094
70456,75707,0.00419253
70456,26252,0.00251094
70456,61476,0.0050333
70456,27823,0.00335136
16452,16479,0.011018
70456,119730,0.0126817
16452,39149,0.0101565
61715,25142,0.00589635
56083,16400,0.00758253
75854,61692,0.00335129
61715,75758,0.0144011
61715,30139,0.00844562
175187,37981,0.0110493
175187,57374,0.0101942
61715,24947,0.00589635
61715,21112,0.00843138
70501,57411,0.00677271
61715,57460,0.0126819
17685,70704,0.00744089
56117,14550,0.0145081
70548,90533,0.0144846
56117,8433,0.010223
70700,90677,0.00645924
17685,23882,0.00463352
70700,139198,0.012713
17685,20996,0.00185068
175321,197615,0.00424225
175321,175070,0.00253872
56025,25012,0.0143878
17655,57332,0.00503531
75762,61694,0.00847416
75762,175581,0.011895
75762,61492,0.0118947
75762,70589,0.0110466
80136,90690,0.000840922
80136,175754,0.0144844
27799,38099,0.00167325
57377,57396,0.0110393
75688,80117,0.0136957
70540,175798,0.0126955
57359,75674,0.0118293
57359,24998,0.0127374
175379,61559,0.00337109
57359,17709,0.0118251
30176,16476,0.0144348
30176,57375,0.00251314
30176,175460,0.00928962
30176,30100,0.0144332
30176,90557,0.00756997
175379,30071,0.00848432
57397,26396,0.0135506
57397,119721,0.0136156
75708,56112,0.00761223
75708,22048,0.00168663
57420,80061,0.00819432
75708,61524,0.0110198
75708,61534,0.00676653
75713,127363,0.00930807
80156,112813,0.0145002
57420,23826,0.00309096
175527,119636,0.00933328
57420,27989,0.00989098
175527,175444,0.00252397
57479,26366,0.00251769
57420,37890,0.00477854
24948,21069,0.00251484
175527,175805,0.00252399
82199,90499,0.00507424
82199,90514,0.0067742
75713,37980,0.00337343
82199,112847,0.0110119
57420,21009,0.00393468
175527,139047,0.00168152
82199,112821,0.00846419
82199,127337,0.0110212
57420,80028,0.0115806
82199,57334,0.0110465
82199,80039,0.00592911
82199,80073,0.00760872
175527,101726,0.0101964
175527,175823,0.00252476
90461,127332,0.0135996
175527,175354,0.00168152
82199,80169,0.00591046
82199,82344,0.00592911
82199,101777,0.00760821
175527,139095,0.00168152
175608,175440,0.0042172
28000,56113,0.0120652
175608,175796,0.00589985
175608,175839,0.00420652
28000,30291,0.0055349
175608,197635,0.00672808
90634,112970,0.00760323
90634,16202,0.0042147
175761,175691,0.00337003
75663,82375,0.00505616
75663,101800,0.0127233
175761,175065,0.00252405
175761,82348,0.0127167
75663,42623,0.00168172
75663,61587,0.00253071
90634,101760,0.0067555
75663,82199,0.00763229
75663,90499,0.00422212
75663,90514,0.00421583
75663,112847,0.0101541
75663,175485,0.0118774
175761,82274,0.00760343
175622,175717,0.0127624
75663,112821,0.00760815
57556,139031,0.00167393
75663,127337,0.0101613
75663,57334,0.00846405
75663,80039,0.00168172
175622,175687,0.00337018
75663,80073,0.00421427
75663,80169,0.00676258
75663,82344,0.00422216
75663,101777,0.00675484
57556,79994,0.00167324
57556,197680,0.00925992
57556,61697,0.00421473
82348,82274,0.0118106
57556,80174,0.00672164
175622,197634,0.0016824
57556,61553,0
90728,57362,0.004201
21050,101608,0.00642371
90728,35668,0.00673836
37910,39122,0.0101178
90728,57349,0.00673894
25180,42026,0.00336149
25180,56131,0.0144616
25180,197691,0.00928357
25180,39203,0.00505294
25180,70693,0.0101428
25180,80041,0.0144292
37910,25155,0.00505906
37910,38002,0.0102154
25180,27766,0.00760945
25180,61565,0.0127309
37910,112876,0.0126808
37910,61637,0.0118689
25180,42157,0.00589536
25180,57468,0.0109988
25180,57474,0.0118667
25180,75830,0.0127181
25180,27964,0.00590213
25180,27741,0.000838808
25180,61681,0.0101465
37910,42012,0.00503849
37910,57450,0.0118339
25180,61705,0.00929073
90499,90514,0.00504854
25180,80030,0.00929868
25180,80042,0.0135555
90499,112847,0.00844971
90499,175485,0.0118744
37910,21003,0.0016759
37910,21029,0.0016759
90499,112821,0.0058941
37910,18357,0.00335493
37910,57533,0.0118223
90499,127337,0.00843402
37910,21091,0.00591085
37910,25574,0.00931122
90499,57334,0.00757856
90499,80039,0.00251788
37910,25598,0.00758907
37910,56017,0.0109746
90499,80073,0.00419305
21050,14654,0
37910,18416,0.005048
37910,90529,0.00589805
37910,25095,0.0109896
37910,30259,0.0075696
37910,39214,0.0135601
90499,80169,0.00419446
90499,82344,0.00336236
21050,17659,0.00274361
90499,101777,0.0050335
90514,112847,0.0101616
90514,112821,0.00759798
101610,70520,0.00590585
101610,80142,0.00676737
90514,127337,0.0101456
61741,9656,0.0119606
90514,57334,0.0109902
101610,70518,0.0059107
101610,75761,0.00591044
90514,80039,0.0042008
101610,55881,0.00421986
101610,61495,0.00591068
90514,80073,0.00757026
101610,90554,0.00846415
26402,57499,0.0148393
90514,80169,0.00588064
90514,82344,0.005899
90514,101777,0.00672077
80061,23826,0.00590928
80061,27989,0.0136078
37974,42003,0.0084673
37974,42024,0.00589884
37974,57385,0.0101725
26402,70583,0.0117312
80061,37890,0.0118774
37974,70614,0.0136542
37974,70678,0.00756305
37974,113004,0.0135295
80061,21009,0.00845918
37974,101770,0.0144175
37974,23907,0.00589542
37974,37946,0.00673949
37974,42141,0.00335562
37974,25180,0.00675661
37974,42026,0.00588054
37974,56131,0.0118773
90565,90598,0.0119154
37974,101595,0.0135175
61741,14493,0.0109585
90565,119598,0.0127453
37974,197691,0.010966
37974,39203,0.00673936
37974,70693,0.0109706
37974,80041,0.01181
37974,27766,0.00673692
37974,61565,0.0109774
37974,42157,0.00843149
37974,57468,0.0126811
37974,57474,0.010121
37974,75830,0.0126857
37974,27964,0.00757488
37974,27741,0.00928805
37974,61681,0.0101207
37974,80035,0.0118101
37974,61705,0.0101207
37974,80030,0.00672046
37974,80042,0.0118087
175671,175696,0.00506567
37974,175946,0.0143781
37976,70644,0.00252402
37976,42174,0
7084,16522,0.0145894
37976,39282,0.000838803
37976,61638,0.00251726
37976,70456,0.00167747
7084,14482,0.0126781
7084,42070,0.0145246
7084,75835,0.0145097
37976,75720,0.0025176
37976,56140,0.00168225
175793,61666,0.0126738
37976,61576,0.00675627
7084,37939,0.0145254
37976,37899,0.00167747
7084,175615,0.0136003
37976,35529,0.000838079
7084,23891,0.0145229
37976,75707,0.00336151
37976,26252,0.000838079
37976,61476,0.00420418
101674,175397,0.00672018
101674,30269,0.0101264
7084,16206,0.00994282
37976,27823,0.00167747
37976,119730,0.0118656
101674,39126,0.0127129
101674,90478,0.0118199
101674,112888,0.00588086
101674,112994,0.0126948
101674,70703,0.00251483
101674,112923,0.00503906
101674,112945,0.00335319
101674,112996,0.00672671
38126,55922,0.00251317
38126,55930,0.00588076
39122,25155,0.0109931
39122,38002,0.00845873
39122,61637,0.0110074
90657,101602,0.012747
39122,42012,0.00503905
39122,57450,0.0126633
90464,61751,0.00675582
39122,21003,0.00756384
39122,21029,0.00756383
90657,127296,0.0135319
39122,18357,0.00841117
39122,21091,0.00928338
39122,25574,0.0144141
90657,90733,0.0126704
39122,25598,0.0135286
39122,56017,0.0126633
39122,18416,0.0101087
39122,90529,0.0118203
39122,25095,0.0143761
39122,30259,0.011816
90677,139198,0.00899999
175904,22127,0.0145516
27989,37890,0.0127304
39172,39176,0.00334997
27989,21009,0.00844534
90687,119740,0.0137669
90687,80130,0.00636624
90564,61621,0.00843225
90564,70741,0.00758665
197610,197627,0.000840913
197610,57555,0.0136151
197610,175029,0.0110613
42003,42024,0.0101896
42003,57385,0.0144919
42003,70678,0.0109936
197610,101674,0.00933356
75792,57544,0.0110326
42003,23907,0.0101633
42003,37946,0.0127703
42003,42141,0.00846649
197610,175397,0.0110322
42003,25180,0.0101716
42003,42026,0.00845577
42003,197691,0.0127188
42003,39203,0.0101717
42003,27766,0.0110362
112826,101714,0.0118767
42003,61565,0.0144553
197610,90478,0.0136188
197610,112888,0.00850357
42003,42157,0.0127516
42003,57474,0.0135889
42003,27964,0.0110177
90564,16299,0.00589907
197610,70703,0.0101771
42003,27741,0.0127483
197610,112923,0.0110369
197610,112945,0.0110447
197610,112996,0.0119536
90564,23846,0.00588409
197627,57555,0.013615
42003,61705,0.0144548
42003,80030,0.0110048
42003,80042,0.0144227
90564,57445,0.0135369
101534,61752,0.00421418
42024,57385,0.00676251
197627,175029,0.010196
75792,42594,0.014503
42024,70614,0.0118965
42024,70678,0.0109916
75792,57558,0.0101987
42024,23907,0.00505324
42024,37946,0.000836706
42024,42141,0.00251793
197627,101674,0.00847366
42024,25180,0.0042114
90572,37919,0.0101984
42024,42026,0.00335404
42024,56131,0.00932037
112826,101743,0
197627,175397,0.0101717
42024,101595,0.0143931
79963,175642,0.00765225
197627,30269,0.0144709
42024,197691,0.00842398
112868,139137,0.00931998
112868,175064,0.00762808
101543,101574,0
42024,39203,0.00589884
79963,174970,0.00680181
42024,70693,0.00757358
42024,27766,0.00589673
90572,175043,0.0119426
42024,61565,0.0084453
42024,42157,0.0050467
42024,57468,0.00927325
42024,57474,0.00759002
42024,75830,0.0127156
42024,27964,0.00673301
42024,27741,0.0067368
42024,61681,0.010991
42024,61705,0.00672826
42024,80030,0.0101471
42024,80042,0.0135447
70567,90592,0.00763277
112868,119683,0.00419866
112868,127326,0.0033512
101595,39203,0.0143927
197627,90478,0.014484
197627,112888,0.00764157
101595,27964,0.0143767
197627,70703,0.00931987
197627,112923,0.010177
197627,112945,0.0101815
197627,112996,0.0110828
112882,112856,0.00760798
112882,175598,0.00931157
112882,197647,0.014504
80103,37976,0.00842685
70613,26391,0.0110325
80103,70644,0.0101538
101711,90597,0.00336836
80103,42174,0.00930099
37940,26390,0.00139458
42172,175566,0.00929056
80103,39282,0.00925397
80103,61638,0.00756647
80103,70456,0.00925047
80103,75720,0.00925184
80103,56140,0.0109545
80103,37899,0.00756184
80103,35529,0.00756184
80103,75707,0.011802
80103,26252,0.00756185
80103,61476,0.0101075
101711,90560,0.0135937
101711,90587,0.0135937
80103,27823,0.00840963
70671,175179,0.0110239
37975,90539,0.0118124
37975,37971,0.00841587
37975,57337,0.0058789
70671,175104,0.0144983
197666,75815,0.00763159
197666,138979,0.00849255
197666,139086,0.00847816
197666,112882,0.00933954
112965,139126,0.0144838
197666,112856,0.0101713
112965,90565,0.0101893
112965,90598,0.013632
112965,119598,0.0118889
70680,82225,0.0145945
70680,175384,0.0110274
70680,38042,0.00932249
70680,57398,0.0135983
70680,61577,0.00762909
197666,175598,0.00336251
197666,197647,0.00589383
101714,101743,0.0118767
70680,23823,0.0042142
70680,56115,0.00932948
112995,175077,0.00334993
27775,101588,0.0110095
70680,61635,0.0136376
101745,119678,0.00675053
70680,23863,0.00846079
70680,175892,0.0136337
70680,18326,0.00762367
70680,27806,0.0101987
70680,22087,0.0119087
113005,90510,0.0067301
70680,14244,0.00847777
101787,101799,0.00932315
27775,57386,0.00273032
101787,138958,0.0118773
101787,139039,0.0127405
101787,138902,0.0101817
70746,27794,0.0101133
101799,138958,0.00846288
101799,139039,0.00931364
55979,101555,0.0133076
101799,138902,0.00761176
70659,127338,0.0126852
70659,101641,0.011912
101802,139048,0.00760734
101802,175308,0.00931265
70659,55969,0.0101946
55984,42105,0.00591109
101802,139183,0.0110122
101802,175168,0.011018
70659,27825,0.00167392
70659,37975,0.00251583
39282,61638,0.00419438
39282,70456,0.0025131
39282,75720,0.00334973
39282,56140,0.00419578
39282,61576,0.00843731
70659,90539,0.0126866
112847,112821,0.00591061
70659,37971,0.00672157
39282,37899,0.00335549
70659,57337,0.0067222
112847,127337,0.00505992
82297,57333,0.01449
55984,61622,0.0118859
39282,35529,0.00167326
112847,57334,0.0110221
39282,75707,0.00335307
112847,80039,0.00844971
39282,26252,0.00251309
39282,61476,0.00588612
101653,61485,0.0101779
112847,80073,0.0101514
39282,27823,0.00335549
112847,80169,0.0101528
112847,82344,0.0101615
112847,101777,0.00675202
101653,55984,0.0118786
101653,42105,0.00845951
70723,197642,0.0141667
39282,119730,0.0118352
101653,37881,0.0118958
70723,175745,0.0142221
101653,61622,0.0102004
42012,57450,0.0101201
42012,21003,0.00251138
42012,21029,0.00251138
112856,175598,0.0101565
42012,18357,0.0033532
42012,57533,0.0118205
42012,21091,0.00504808
42642,139113,0.0145217
42012,25574,0.00843407
75797,90658,0.0144418
42012,25598,0.00842049
42012,56017,0.00926668
112872,119681,0.000841469
42012,18416,0.00419035
70723,55869,0.0047662
42012,90529,0.00672696
75797,27839,0.0135749
42012,25095,0.0109702
42012,30259,0.00757318
42012,39214,0.0143908
75797,57514,0.0106805
42026,56131,0.0136124
101654,80054,0.00337919
42026,101595,0.0143816
42026,197691,0.00756794
42026,39203,0.00419371
42026,70693,0.0109821
42026,80041,0.0143809
101654,119674,0.0110745
42026,27766,0.00673209
42026,61565,0.0126931
112872,112828,0
75797,25012,0.0135542
101654,90647,0.00678568
42026,42157,0.00504033
42026,57468,0.0118427
42026,57474,0.0118346
42026,75830,0.0126907
42026,27964,0.00591472
42026,27741,0.00588074
42026,61681,0.0101255
75750,75680,0.0084325
42026,61705,0.0101257
42026,80030,0.00926703
42026,80042,0.0135292
75797,27761,0.0135578
75750,16476,0.00506372
90488,90610,0.000837229
75826,25149,0.0135861
175495,127354,0.00846683
175495,112862,0.00591483
175495,139029,0.00761708
30221,101540,0.00506449
127300,138975,0.00084093
127300,139011,0.00168448
42166,55891,0.00335126
112913,27948,0.0144849
42166,90471,0.00758925
42166,39153,0.0075738
42166,82181,0.00842299
112970,16202,0.00676344
112970,101760,0.0110212
82208,82201,0.00756292
112982,61490,0.00846703
80025,57513,0.00506594
112982,39237,0.00761717
113002,80041,0.0143942
90576,23899,0.0127013
127344,112991,0.0126735
113002,80030,0.0118222
113002,80042,0.0109893
90576,16333,0.0118521
113002,175946,0.00587423
55935,26356,0.00760655
56073,42691,0.000843068
80025,56087,0.0110513
138932,80098,0.00252476
56131,39203,0.0135974
56131,70693,0.00932249
56131,27766,0.0110332
56131,61565,0.0136191
56131,57468,0.011896
56131,57474,0.012756
56131,61705,0.00846543
56131,80030,0.0136071
175623,175539,0.0025258
175623,175584,0.00337249
42082,175095,0.00420746
57315,16194,0.0109931
57315,23784,0.0127053
57315,35614,0.0143859
57315,39252,0.00843088
42082,139212,0.00587601
14436,82371,0.00909888
138992,70653,0.0149627
138992,35530,0.0118537
42082,17608,0.00843749
138992,42592,0.00671771
119664,175655,0.0135983
119664,175673,0.0136388
138992,61599,0.0101181
42082,90589,0.00503315
82266,17664,0.0132371
175663,112877,0.00251945
175663,75809,0.0135186
127332,139125,0.00506397
139047,101726,0.0118947
139047,175823,0.00252475
139047,175354,0
57450,21003,0.0118336
57450,21029,0.0118336
57450,18357,0.0135429
57450,57533,0.0144316
139047,139095,0.00168152
57450,21091,0.0144449
16387,3931,0.00423268
57450,56017,0.00419583
57450,30259,0.0135318
139124,139132,0.0144164
101553,70469,0.00338792
22196,9867,0.0131999
22196,14687,0.0141176
175665,101727,0.00674477
22196,16206,0.0132229
22196,5184,0.0123273
82278,139200,0.00985219
127363,37980,0.00593322
139126,175556,0.0110182
139126,90565,0.0136226
139126,90598,0.00337835
57559,9645,0.00504615
175687,197634,0.00421482
138917,197670,0.0118666
138917,112947,0.00589512
82360,175018,0.0127468
138917,175170,0.00929019
139137,175064,0.0136302
82238,70707,0.013604
139137,119683,0.0101772
139137,127326,0.00931396
139175,175052,0.0144613
138955,175438,0.0101974
17640,56046,0.00419435
82281,90484,0.0143934
138955,127360,0.00847182
138955,175641,0.0127572
61635,23863,0.013589
61635,18326,0.0109972
61635,14244,0.0135628
61638,70456,0.00419075
61638,75720,0.00419075
61638,56140,0.00503291
61638,61576,0.00927886
61638,37899,0.00251309
56111,26254,0.0126809
61638,35529,0.00167326
61638,75707,0.0058741
61638,26252,0.00167326
61638,61476,0.00503856
56112,22048,0.00503871
61638,27823,0.00251309
175750,175690,0.0143978
61638,119730,0.0143917
139009,175139,0.00337253
138916,138937,0.00252592
56112,61534,0.014398
139009,61748,0.00591624
2094,17684,0.0044719
57331,22147,0.00760796
2094,39133,0.00717168
57331,16153,0.00673643
57331,14620,0.00673643
2094,57448,0.0144875
90599,61732,0.0115393
101713,127304,0.00764641
2094,30072,0.00596965
101713,119602,0.0102341
57361,27803,0.00251778
101713,70510,0.00936168
2094,139067,0.00807424
101713,139126,0.0110746
101713,175556,0
57375,175460,0.0101372
101713,90565,0.0145492
101713,90598,0.00765543
2094,23812,0.0126421
57375,90557,0.00926443
82373,127321,0.00757357
2094,26260,0.0126358
61697,80174,0.013574
2094,22103,0.00989217
2094,25097,0.0071694
2094,28005,0.00897901
61697,61553,0.00846058
70455,61588,0.0135323
175812,75841,0.00675452
175812,197698,0.011877
175812,61628,0.0101609
82373,127310,0.0126651
18398,14152,0.00758335
90451,57510,0.0144996
61658,27798,0.0143915
138962,127415,0.00422056
175840,175912,0.00508452
18357,57533,0.0118096
18357,21091,0.00336256
18357,25574,0.00844194
175840,175809,0.00508461
18357,25598,0.00757805
18357,56017,0.0126809
18357,18416,0.00419357
18357,90529,0.00588601
18357,25095,0.00842256
18357,30259,0.00841597
18357,39214,0.0135428
18417,17707,0.00588436
101568,112863,0.0059406
101568,75688,0.0102413
101568,80117,0.0102231
175019,175216,0
175019,42658,0.00931141
101568,75790,0.0145803
90626,80017,0.00590185
138990,175428,0.0126801
90626,75696,0.00590185
138990,197696,0.0135303
175049,112986,0.0136169
138990,175123,0.0109934
70653,35530,0.0107023
70653,42592,0.0106747
61631,9760,0.0141431
70653,61599,0.0132384
138990,61694,0.00841229
22048,61524,0.0126613
22048,61534,0.00927611
138990,61492,0.0143911
138990,70589,0.0101306
138990,90517,0.00419419
138990,175178,0.0126572
70693,27766,0.00842754
70693,61565,0.01354
70693,42157,0.0109819
70693,57468,0.00758482
70693,57474,0.0126808
70693,27964,0.0127062
70693,27741,0.0126804
70693,61705,0.000837211
70693,80030,0.0126921
70698,80006,0.00251093
101626,127365,0.0136501
101626,119712,0.0110181
75720,56140,0.00587403
75720,61576,0.0101264
75720,37899,0.00335135
90662,35566,0.0126811
75720,35529,0.00167307
75720,75707,0.00671635
75720,26252,0.00251093
75720,61476,0.00587886
75720,27823,0.00335135
101626,127398,0.011877
101626,175904,0.0128876
101626,22127,0.00845373
197691,39203,0.00671775
197691,27766,0.0101172
197691,61565,0.0144183
197691,42157,0.00926606
197691,57474,0.0135542
197691,27964,0.0101441
197691,27741,0.0118166
75758,21112,0.0144508
23863,175892,0.0144463
101721,90670,0.0132532
175157,101625,0.0144534
75758,57460,0.0143815
23863,18326,0.0058941
23863,27806,0.00843775
197691,61681,0.0135279
23863,22087,0.00843786
23863,14244,0.00673932
197691,80030,0.013521
119724,35594,0.00587602
119724,35611,0.00756395
101721,42663,0.0115896
101721,90622,0.0141281
127304,119602,0.00252404
127304,70510,0.0093338
127304,112965,0.0119
127304,139126,0.00253548
75841,197698,0.0127016
127304,175556,0.00760749
101721,25582,0.0039239
127304,90565,0.0127653
127304,90598,0.000840195
127304,119598,0.0136182
75841,61628,0.00251094
175301,175840,0.00678545
80041,175343,0.0126969
175301,175912,0.0016817
112825,75836,0.000895086
80041,80035,0
80041,80030,0.00671613
80041,80042,0.011816
2106,70724,0.0134704
175301,175809,0.0033725
80041,175946,0.0143917
101608,14654,0.00847504
101608,17659,0.00931879
175334,175464,0.0135804
175334,175553,0.0118672
139091,101690,0.00168597
139091,175899,0.00337521
112988,139171,0.00761201
2106,139181,0.0143996
26399,70516,0.010098
175397,30269,0.0143986
175397,112888,0.00926611
175397,70703,0.00925968
127421,42127,0.0144962
175397,112923,0.0101169
175397,112945,0.0101048
175397,112996,0.010974
101751,16140,0.00901557
27766,61565,0.012702
27766,139012,0.0135468
127338,27825,0.0135378
27766,42157,0.00843426
27766,57468,0.0109824
27766,57474,0.0118406
27766,27964,0.00843196
27766,27741,0.0101456
139153,175334,0.0144623
27766,61681,0.0127012
27766,61705,0.00757487
27766,80030,0.0101308
139153,175553,0.0118998
101706,25019,0.00672746
175438,127360,0.0118967
175438,175641,0.0144865
112840,14195,0.0110048
90472,57382,0.00843195
101749,39229,0.00925425
101749,22204,0.0118472
101749,22221,0.00928134
101749,23902,0.0126615
175485,80039,0.0110187
90472,42084,0.0101332
175485,80073,0.00931366
175485,80169,0.0110185
175485,82344,0.0127387
175485,101777,0.0144424
30139,24947,0.00167598
30139,21112,0.00672734
90533,139114,0.00252413
90533,139099,0.00335494
16479,39149,0.000838793
90533,175619,0.0135429
90533,175742,0.0126523
138980,26380,0.00817234
18345,18338,0.0106813
101795,101796,0
138980,61719,0.00337245
21003,21029,0
21003,18357,0.000837251
21003,57533,0.0101091
25142,26291,0.0135719
21003,21091,0.00336343
21003,25574,0.00674416
175176,138907,0.00809077
138989,175335,0.0135979
21003,25598,0.00503853
21003,56017,0.0109743
21003,18416,0.00251307
21003,90529,0.00335542
21003,25095,0.00842149
21003,30259,0.00672144
21003,39214,0.0109743
21029,18357,0
21029,57533,0.0109642
21029,21091,0.00336343
25142,75758,0.0109768
21029,25574,0.00759712
35598,27744,0.0126825
25142,30139,0.00503879
21029,25598,0.00588605
21029,56017,0.0109743
25142,24947,0.00419949
21029,18416,0.00335544
21029,90529,0.00420034
21029,25095,0.00757333
21029,30259,0.00672144
21029,39214,0.0118334
25142,21112,0.00504825
119623,175002,0.0136528
25142,57460,0.0126817
175039,57555,0.00761681
175039,175029,0.0144503
101567,119585,0.00167814
119623,112904,0.00504051
175039,101674,0.0110303
25168,14447,0.00844209
21061,101587,0.0144454
175039,30269,0.00932198
119655,42130,0.0143696
175039,39126,0.0084955
119712,127308,0.00251762
175039,112994,0.00253038
175039,70703,0.0110209
119712,127398,0.00420353
175039,112923,0.0135852
90462,27840,0.010976
175050,139104,0.0016909
101567,139032,0.00844187
101570,56083,0.00759154
101570,70592,0.0101877
119712,22127,0.00760884
101589,112887,0.00674136
101589,119597,0.0127236
119728,75753,0.00844936
119728,56144,0.00762917
119728,42179,0.00729167
119728,25595,0.00251957
119728,90659,0.0101687
119728,70670,0.0110334
119728,37974,0.00673701
119728,42003,0.00848392
119728,42024,0.00419968
23896,27887,0.013567
119728,57385,0.0110381
119728,70614,0.0110721
119728,70678,0.0109756
119728,23907,0.00505311
119728,37946,0.00588663
119728,42141,0.00419968
139203,175527,0.000840194
139213,139205,0.000840918
101570,16400,0.00589451
139203,119636,0.0101553
119728,25180,0.00420433
139203,175444,0.000840194
119728,42026,0.00167393
119728,56131,0.0144714
175166,127300,0.00308553
119728,197691,0.00842122
119728,39203,0.00504849
119728,70693,0.0118345
139203,175805,0.000838082
119728,27766,0.00759007
119728,61565,0.0135659
119728,42157,0.00588757
119728,57468,0.0118357
119728,57474,0.0127018
119728,75830,0.0135537
175166,138975,0.00392072
175166,139011,0.00392073
112821,127337,0.00590332
119728,27964,0.00674031
25012,25575,0.0126599
25012,27761,0.0101695
112821,57334,0.00844562
112821,80039,0.0058941
25012,61648,0.0126636
119728,27741,0.00672819
119728,61681,0.0109816
112821,80073,0.0075844
90620,70507,0.00588914
139203,139047,0
119728,61705,0.0109819
139213,57532,0.0110456
119728,80030,0.0101308
119728,80042,0.0143876
112821,80169,0.00758738
112821,82344,0.00759784
112821,101777,0.00589105
139203,101726,0.0110168
139203,175823,0.0016783
139203,175354,0
112824,175422,0.0118797
175183,38048,0.0110043
112861,139004,0.0127032
175183,175430,0.00423044
139203,139095,0
112861,175778,0.0144218
175183,175843,0.00507862
112926,175395,0.0039238
139206,138991,0.00253051
39232,90724,0.00167817
101583,75717,0.00503829
175183,101589,0.00675837
119585,139032,0.00843742
175183,112887,0.00168015
175183,119597,0.0050512
39266,42067,0.0106849
39266,82265,0.014099
16194,23784,0.00421008
16194,35614,0.00845304
16194,39252,0.014431
42581,23889,0.0144565
175551,90729,0.0143782
101726,175545,0.0144375
101726,175823,0.0127138
42581,42582,0.000836699
16299,23846,0
101726,175354,0.0118644
16299,57445,0.00844232
101726,139095,0.0118642
27884,25013,0.00167589
138994,139062,0.0145046
27884,27921,0.00083723
175055,175527,0.0144828
175055,119636,0.0110263
101740,112883,0.00843715
138994,30112,0.0135942
101740,175212,0.00843724
55891,90471,0.00843429
55891,39153,0.00841649
55891,82181,0.0109712
175055,101726,0.0118845
175055,175545,0.00506582
30059,119743,0.00932463
30081,27802,0.00588733
112877,75809,0.012695
112877,75847,0.014399
112877,82282,0.0144055
56140,61576,0.00929489
56140,37899,0.00419287
56140,35529,0.00335304
56140,75707,0.0058873
112887,119597,0.00760813
175386,27791,0.007636
138927,70616,0.00649033
112964,61522,0.00420961
56140,26252,0.00335304
56140,61476,0.00672556
112964,57333,0.00336246
56140,27823,0.00419287
112964,70487,0.0050469
56140,119730,0.0144002
57362,35668,0.00335976
57362,57349,0.00167604
30147,30146,0.000835981
138938,174981,0.00252586
57394,80158,0.0127377
21009,80028,0.00755945
21009,42136,0.0135535
138938,175780,0.00421989
139154,41998,0.00591395
138938,101630,0.0144527
119681,112828,0.000839349
30246,26261,0.00505145
138938,27948,0.0118961
21091,25574,0.011017
21091,25598,0.0101706
21091,56017,0.0135778
138938,90482,0.00762094
21091,18416,0.00675348
21091,90529,0.00846608
21091,25095,0.0118693
21091,30259,0.00929029
139114,139099,0.00676538
57533,18416,0.0126697
57533,90529,0.0135306
57533,30259,0.0143768
175215,175626,0.0110469
139031,79994,0.00503338
127337,57334,0.011005
127337,80039,0.00843402
139031,197680,0.00926001
61503,42675,0.00167598
127337,80073,0.010127
30269,39126,0.0075905
139031,61697,0.00846314
61565,57474,0.000836713
127337,80169,0.0101309
127337,82344,0.0101454
30269,112994,0.0109826
127337,101777,0.00842898
61565,27964,0.0135512
175215,175337,0.00845023
30269,70703,0.0101319
30269,112923,0.012682
61565,61681,0.0144124
61565,61705,0.0135481
139031,80174,0.00840898
61576,37899,0.00843229
175237,139014,0
61576,35529,0.00758396
61576,75707,0.00844898
61576,26252,0.00758396
61576,61476,0.0109898
175314,175369,0.00930655
139031,61553,0.00841801
61576,27823,0.00843229
22130,30293,0.00591377
175314,175565,0.0101603
22147,16153,0.000838791
175314,101802,0.00675422
61588,35540,0.00335514
35604,25604,0.0101713
22147,14620,0.000838791
139166,56049,0.00618878
139166,37948,0.0113191
61694,175581,0.011827
175314,139048,0.0127214
175314,175308,0.0144497
61694,61492,0.00588608
61694,70589,0.00503853
61694,175656,0.0110051
61694,90517,0.0092566
175672,23794,0.0144642
138933,80124,0.0101508
61694,175720,0.0127347
61694,175752,0.010137
138975,139011,0.00252424
23784,35614,0.00930555
139004,175349,0.0101048
35649,35485,0.0110051
23818,23870,0.0135831
175693,37958,0.0118088
139004,175778,0.00335939
37890,21009,0.00335558
37890,80028,0.0100981
197642,175492,0.00422783
197642,175745,0.00422559
175042,174999,0.00168872
70641,61629,0.00083598
24947,21112,0.00419364
24947,57460,0.0135396
175369,175565,0.00503521
175369,175769,0.0101006
197670,112947,0.014377
175369,101802,0.00421694
175126,70633,0.00337245
25013,27921,0.00251312
70657,57528,0.00672033
175369,139048,0.00587913
175369,175308,0.0109767
175126,175181,0.00168671
175369,139183,0.0101163
175369,175168,0.00926995
175398,101650,0.000560117
25086,127411,0.0135963
175042,175906,0.00337669
25086,119668,0.0135963
175398,101657,0.00168238
175126,70642,0.00931415
175126,127349,0
175126,175244,0.00168441
80040,61473,0.00167325
175398,112992,0.00674657
175042,174989,0.011063
175398,119702,0.00335971
175398,175423,0.00673935
175311,175661,0.0025386
175060,82328,0.0107272
175060,90618,0.0141556
39203,70693,0.0109706
39203,80041,0.0135287
25574,25598,0.0118648
175060,82318,0.0124551
39203,27766,0.00503881
25574,18416,0.00420422
39203,61565,0.0126983
39203,139012,0.0135647
25574,90529,0.0110188
39203,42157,0.00588645
39203,57468,0.0126863
39203,57474,0.0118364
39203,75830,0.0126857
39203,27964,0.00588731
39203,27741,0.00757824
39203,61681,0.0101207
39203,80035,0.0143922
175343,80035,0.0126971
39203,61705,0.0101207
39203,80030,0.0084208
39203,80042,0.013521
175100,35623,0.012482
175414,127395,0.0127286
175460,90557,0.00505306
175414,119646,0.0101548
37899,35529,0.000836693
37899,75707,0.00503292
175451,197610,0.0144897
175451,197627,0.0136298
37899,26252,0.000836693
37899,61476,0.00251314
175100,80074,0.0124826
37899,27823,0.00167594
37899,119730,0.011822
175118,175082,0
175451,101674,0.0135897
175451,70703,0.0144837
175130,38049,0.011866
14654,17659,0.00420314
175130,42669,0.0127182
55922,55930,0.00926213
175568,23899,0.0109838
175150,75663,0.00647111
175568,16333,0.00589435
39126,112994,0.0101709
175150,82375,0.0115736
39126,70703,0.0127046
175150,42623,0.00987122
55948,90593,0.0118654
175150,61587,0.0107372
16202,101760,0.00759222
175150,82199,0.0141676
175150,90499,0.010728
175150,90514,0.0124392
175150,112847,0.0141399
175736,175206,0.00756774
55977,16194,0.00845477
55977,23784,0.00844804
175150,112821,0.0124404
175823,175354,0.00167409
55977,35614,0.0127035
175150,57334,0.0141595
175150,80039,0.00816569
175568,4498,0.0143738
175150,80073,0.0115807
175823,139095,0.00251208
39281,112930,0.0118318
175150,80169,0.0124415
175150,82344,0.0107281
175889,175196,0.0126968
175150,101777,0.0124326
175889,175570,0.00504647
175892,27806,0.0144247
174978,175659,0.000839306
175892,14244,0.0127037
174988,112920,0.00675044
175163,175152,0.00392091
174988,119600,0.00760566
174988,119627,0.00928542
174988,127366,0.0101432
174988,175431,0.0101112
42067,82265,0.011824
82259,119594,0.0143775
82259,27964,0.0109468
175721,175321,0.00253689
42157,57468,0.0118346
42157,57474,0.014418
42157,75830,0.0135643
42157,27964,0.00844026
82259,75777,0.00335122
175721,197615,0.00677947
42157,27741,0.00842375
175721,175070,0.00507379
175292,80128,0.0093461
42157,61681,0.0126924
82312,101541,0.00336771
175139,61748,0.00674427
42157,61705,0.0101255
42157,80030,0.0101205
42157,80042,0.0143952
30227,42127,0.00420323
82328,90618,0.00167393
30270,39187,0.0126964
82328,82318,0.0135072
175354,139095,0.00167308
90471,39153,0.0110098
90471,82181,0.0127061
4727,6435,0.0070971
175365,175011,0.00592568
175365,112981,0.00167414
175365,175432,0.00506083
175365,175400,0.00167587
175365,174988,0.00672145
175365,175160,0.00760246
175365,112920,0.00588028
175365,119600,0.00672771
175365,119627,0.00503534
175365,127366,0.00588017
175365,175431,0.00167413
90597,90560,0.0101299
90597,90587,0.0101299
57334,80039,0.00588055
57334,80073,0.00841833
26406,27763,0.000836687
90602,90501,0.00588709
57334,80169,0.0101261
57334,82344,0.0084316
57334,101777,0.00842412
175453,30276,0.0135856
27798,22146,0.0118681
57468,27741,0.0135383
57468,61705,0.00673303
57474,27964,0.0126954
27806,22087,0.0118563
57474,27741,0.0144122
57474,61681,0.0126859
27806,14244,0.00673745
57474,61705,0.0126862
57474,80030,0.0143953
35530,42592,0.00673934
16382,26263,0.000838817
35530,61599,0.00929072
175796,175839,0.00845354
175796,197635,0.0110104
175822,112838,0.0033554
16382,25099,0.00759957
101572,101573,0
175839,197635,0.00929895
61522,57333,0.000836714
61522,70487,0.00251326
27964,27741,0.00842758
27964,61681,0.0109919
175465,175148,0.0111023
27964,61705,0.0118423
27964,75777,0.0092651
27964,80030,0.0101196
27964,80042,0.0144027
27964,90648,0.0126564
175912,175809,0.00168018
35668,57349,0.00420446
175875,112868,0.00506091
175875,139137,0.00932105
175875,175064,0.0101982
175535,119741,0.00168425
35529,75707,0.0041925
35529,26252,0
35529,61476,0.00335495
35529,27823,0.000836693
35529,119730,0.0126815
175875,119683,0.00675994
175875,127326,0.00422066
75847,82282,0.00841107
37971,57337,0.0118168
112883,175212,0.00671631
80073,80169,0.00673018
80073,82344,0.00503553
80073,101777,0.00672158
38049,80090,0.00675121
38049,42669,0
18326,27806,0.00928273
112986,175348,0.0126908
119594,27964,0.0109623
39209,75740,0.00083598
18326,22087,0.00928776
70520,80142,0.00589092
16513,16500,0.00167829
18326,14244,0.00758043
197678,112963,0.00335143
119594,75777,0.0126636
119594,90648,0.00167593
70520,70518,0.0033597
70520,75761,0.00336413
70520,55881,0.00335837
70520,61495,0.0033597
70520,90554,0.00590357
42592,61599,0.0050588
197678,119664,0.0110481
56017,90529,0.0135428
56017,30259,0.0126725
23846,57445,0.00842085
56049,37948,0.0067281
175765,175902,0.00507198
175765,175022,0.00591449
90478,70703,0.0118287
25016,25002,0.00251322
90478,112923,0.012682
197678,175655,0.0101198
197678,175673,0.00927357
25598,18416,0.00843134
25598,90529,0.00843122
25598,30259,0.0126811
90725,80076,0.00843033
75809,75847,0.0109762
75809,82282,0.00757256
57382,42084,0.000837227
75830,27964,0.0135594
75830,61681,0.00928141
23898,14152,0.0135982
61617,4161,0.00251775
112888,70703,0.0084281
112888,112923,0.00758324
112888,112945,0.00419033
112888,112996,0.00843034
127411,119668,0
175790,101675,0.00841087
80039,80073,0.00335319
175642,174970,0.000835981
80039,80169,0.00504048
80039,82344,0.0033624
80039,101777,0.0050335
138958,139039,0.000837251
127296,90733,0.000836705
138958,138902,0.0101111
175867,101580,0.00931466
139048,175308,0.0135265
80142,70518,0.0058809
80142,75761,0.00419301
197624,101685,0.00592599
80142,55881,0.00419861
80142,61495,0.00503841
139048,139183,0.0101177
139048,175168,0.011823
75707,26252,0.0041925
75707,61476,0.00756774
80142,90554,0.00672185
75707,27823,0.00503292
75707,119730,0.0118221
80174,61553,0.0135209
139099,175619,0.0144313
139099,175742,0.0135072
175160,112920,0.0135632
175160,119600,0.0144291
175160,119627,0.0144285
175160,175431,0.0109809
175196,175570,0.0118221
139204,119630,0.00932819
139204,139102,0.00759814
175214,138947,0.0118115
175214,175499,0.0118261
175214,61640,0.0135206
175308,139183,0.0135378
61681,80030,0.012673
175349,175778,0.0101074
7062,7104,0.00756371
16153,14620,0
27948,90482,0.0109837
175216,42658,0.00926417
90707,90723,0.00083668
30125,80052,0.0126835
18416,90529,0.0067388
18416,25095,0.011835
18416,30259,0.0109745
18416,39214,0.0127138
25174,38008,0.00673315
8433,101713,0.0145548
8433,127304,0.0145401
70518,75761,0.00503349
9635,16411,0.00843182
70518,55881,0.00335314
70518,61495,0.00335409
70518,90554,0.00756965
70589,90517,0.0118202
8433,70510,0.012812
70589,175752,0.014429
22087,14244,0.010138
8433,175556,0.0145174
8433,90598,0.0136834
22097,22052,0.000836698
112920,119600,0.000836683
112920,119627,0.0075885
112920,127366,0.00844309
112920,175431,0.00926642
112947,175170,0.0101253
112992,119702,0.0101194
112992,175423,0.0143776
175656,175720,0.00336201
175656,175752,0.00757546
75761,55881,0.00335126
75761,61495,0.00503349
75761,90554,0.00251317
112994,70703,0.0126803
119630,139102,0.00672754
8470,8469,0.00505091
39153,82181,0.0126981
26252,61476,0.00335495
9656,14493,0.0119247
26252,27823,0.000836693
26252,119730,0.0126815
26356,70466,0.011006
127349,175244,0.00504635
26388,38047,0.00756411
80035,80030,0.00756294
80035,80042,0.0126728
27741,61681,0.0126855
27741,61705,0.0118268
27741,80030,0.0118345
127354,112862,0.0025131
127354,139029,0.000837232
127395,119646,0.00588057
138947,175499,0.0143656
138947,61640,0.0143913
80090,42669,0.00675121
25043,23835,0.00848955
139039,138902,0.0109623
27761,61648,0.0126727
82226,90489,0.00841656
25674,7900,0.0102038
27823,119730,0.0135435
25674,27979,0.00507734
35675,57439,0.0109821
70682,25041,0.0118863
90529,25095,0.0135602
90529,30259,0.0109743
90529,39214,0.0144079
25599,42581,0.00928097
25599,23889,0.000838805
90582,82315,0
25599,42582,0.0110081
61476,27823,0.00419931
37981,57374,0.0041935
61476,119730,0.0143941
61490,39237,0.000837257
26263,25099,0.00929688
61492,70589,0.00928695
61492,175656,0.0144793
61492,175752,0.0135798
55881,61495,0.00335312
55881,90554,0.0058792
55981,174973,0.00841569
25095,30259,0.0144072
57333,70487,0.00167395
35594,35611,0.00251137
61705,80030,0.0118395
80030,80042,0.00925977
61495,90554,0.00756965
80030,175946,0.0109636
80042,175946,0.0101319
82344,101777,0.00672755
80169,82344,0.00504048
70703,112923,0.00588922
70703,112945,0.00928494
70703,112996,0.00841581
80169,101777,0.0067225
90560,90587,0.00167309
75777,90648,0.0135119
112923,112945,0.0101298
112923,112996,0.00588464
119600,119627,0.00844309
119600,127366,0.00930028
119600,175431,0.0101171
101681,119696,0.0135339
112945,112996,0.0109648
119627,127366,0.000836672
119627,175431,0.00841826
112862,139029,0.00335122
119702,175423,0.0101117
119683,127326,0.00419298
127366,175431,0.00926625
127360,175641,0.00756835
175539,175584,0.00419434
175464,175553,0.0118416
175598,197647,0.0101303
175619,175742,0.0109881
175720,175752,0.00927305
175655,175673,0.0118383
26410,1540,0.00842263
26416,18389,0.00730667
23891,16206,0.0135538
23891,5184,0.0144607
30175,22163,0.00644741
17644,24971,0.00846638
35509,55983,0.00421482
35509,9733,0.013568
18382,18399,0
27946,61475,0.00559926
27946,17603,0.00307982
35570,119718,0.00597805
35570,175735,0.010234
35570,90626,0.00764631
35570,80017,0.00765573
35570,75696,0.00765573
21117,25665,0.0126608
25056,75761,0.0144467
37952,16374,0.0126511
37970,61661,0.00845942
22229,61742,0.0127081
37970,175722,0.00591463
37970,175865,0.0025285
38017,119591,0.00847415
37970,197614,0.00588851
38071,14615,0.0127003
38048,175430,0.0135997
39159,16462,0.00758966
42122,70680,0.0144717
38048,101589,0.00757307
38048,26399,0.0025114
38048,112887,0.0109767
42122,61577,0.0127461
42122,23823,0.0110216
42122,56115,0.0136237
38048,70516,0.0067147
38048,75718,0.0126692
42122,23863,0.0144603
42122,18326,0.0144824
42122,27806,0.013619
42122,14244,0.0127469
119704,175157,0.0144515
39271,38120,0.00756479
39271,90739,0.0118438
119704,175214,0.0101091
39271,24959,0.00420501
119704,138947,0.0126746
119704,175499,0.0143647
39271,80123,0.0109749
119704,61640,0.0135355
39271,39177,0.0101829
39271,56127,0.00847437
39271,56142,0.00847424
39271,57315,0.0118115
39271,55977,0.0101252
39271,16194,0.00589522
39271,23784,0.00505144
39271,35614,0.00927646
39271,39252,0.0144087
39130,90684,0.00336999
42179,25595,0.00476815
42179,90659,0.00987012
42179,70670,0.0124539
42179,37974,0.00900908
42179,42003,0.00988126
42179,42024,0.00560293
42179,57385,0.00816915
42179,70678,0.0123923
42179,23907,0.00645855
42179,37946,0.00560287
42179,42141,0.00391193
42179,25180,0.00561079
42179,42026,0.00643823
42179,56131,0.0107309
42179,197691,0.00983459
42179,39203,0.00814672
42179,70693,0.00897526
42179,27766,0.00729167
42179,61565,0.00984162
42179,42157,0.00729152
42179,57468,0.0089754
42179,57474,0.0089867
42179,27964,0.00813152
42179,27741,0.00813405
42179,61681,0.0132522
42179,61705,0.00812785
42179,80030,0.0115455
42663,90622,0.013616
42663,25582,0.00591789
55939,30081,0.00675408
55939,27802,0.00336259
80023,57511,0.0031017
30214,16471,0.0143939
30214,30083,0.010109
56136,39172,0.00756414
42150,17610,0.00843048
56136,39176,0.0109658
42150,22098,0.0123951
23822,175181,0.00590186
23822,70642,0.00759872
23822,127349,0.00418971
23822,175244,0.00587419
56005,27932,0.0136033
61485,55984,0.00760551
61485,42105,0.00761106
42682,90572,0.0119807
61485,6491,0.0144111
61485,37881,0.0143818
42682,37919,0.00253878
35606,16139,0.000840923
61485,61622,0.0109879
35606,138992,0.00676392
35606,70653,0.00562259
35606,35530,0.00168445
35606,42592,0.00252405
35606,61599,0.00506421
70527,61603,0.00763138
70724,27739,0.0127344
55894,138914,0.0136137
70527,35603,0.00841291
70633,175181,0.00933499
39262,79976,0.00419033
70724,3931,0.0135815
70724,4384,0.014504
39262,17655,0.00251314
39262,57332,0.00841605
70633,70642,0.000836682
70724,14353,0.0144535
70633,127349,0.00758928
70633,175244,0.00757805
70724,7965,0.0147911
55955,27848,0
75678,39131,0.0119454
75678,56106,0.00672968
70725,61589,0.00756383
70565,39175,0.0118765
90575,90454,0.00506558
42078,30087,0.00672795
42078,42079,0.00251137
75779,38082,0.00505892
82295,82257,0.0090207
75779,56007,0.00932187
75779,90515,0.009304
82295,101788,0.0101772
75779,42166,0.00675587
75779,55891,0.0101701
75779,90471,0.0119121
82295,39271,0.00846661
82295,38120,0.00846041
75779,39153,0.0136141
75779,82181,0.0127386
82295,90739,0.0101769
82295,24959,0.00846653
82295,80123,0.00760828
82295,39177,0.00762308
82295,56127,0.0119049
82295,56142,0.0110449
82295,57315,0.0101621
82295,55977,0.0118991
82295,16194,0.00847671
82295,23784,0.00762809
82295,35614,0.0119048
82295,39252,0.0127463
57484,27792,0.01352
42149,27804,0.0140917
57513,56087,0.0025259
80117,38082,0.0119182
80117,42166,0.0119158
80117,39153,0.0119271
80111,101568,0.00865043
80111,112863,0.011282
80111,75688,0.0130217
80111,138987,0.007729
80111,80117,0.00777003
80111,82297,0.0138212
80111,75790,0.00430812
56024,35581,0.0127054
56024,25613,0.00251306
75816,70735,0.00424699
75816,90708,0.00511042
82192,57518,0.00728912
101588,57386,0.0127616
55926,3931,0.012729
57350,119641,0.0143953
82285,80172,0.00673304
55926,75761,0.0144529
101609,139016,0.00253073
101609,112957,0.00168864
101609,175010,0.00592415
101609,175869,0.0136295
101609,101527,0
101609,101544,0.0008436
101609,112909,0.0025318
101609,112832,0.00422736
101609,70717,0.011897
101609,90732,0.0101847
101609,55885,0.0067688
101609,175157,0.00848774
61535,55958,0.00931824
101609,90623,0.00847377
61535,90658,0.00845157
61535,16201,0.0127286
61535,27839,0.00842357
101609,101625,0.00592421
82309,61568,0.00335933
61535,57514,0.00983562
82309,101593,0.00850022
61535,70635,0.012698
61535,25012,0.0075697
70592,16400,0.00422494
61535,25575,0.0143603
61535,61648,0.0143806
101529,55905,0.00761179
101529,80103,0.0101538
101529,37976,0.00168652
101529,70644,0.00591044
101529,42174,0.00337948
101529,39282,0.00337096
101529,61638,0.00590571
101529,70456,0.00506083
101529,75720,0.00505847
101529,56140,0.00507211
101529,61576,0.0101971
101529,37899,0.0050608
101529,35529,0.00336998
101529,75707,0.00676389
101529,26252,0.00421409
101529,61476,0.0076117
101529,27823,0.0050608
138985,7998,0.0105707
138985,30133,0.0141298
138985,127417,0.0052551
61547,42076,0.00840915
61547,55939,0.00504582
70716,70540,0.00758685
70716,175798,0.005059
61547,30081,0.00672169
61547,27802,0.00419274
70735,90708,0.00597655
138954,70659,0.00761347
138954,101641,0.0144709
138954,55969,0.014503
61559,30071,0.00504036
138954,27825,0.0110335
138954,37975,0.0101772
61594,138943,0.011807
22135,82167,0.0141772
22135,112954,0.0140791
138954,37971,0.0118774
139016,112957,0.00762721
139016,175010,0.00847287
101655,101661,0.00505846
61594,90725,0.0135282
22135,139081,0.0132184
139016,101527,0.00252985
139016,101544,0.00592418
139016,112909,0.00507159
61594,80076,0.012675
22135,75690,0.00968504
70509,75779,0.00562218
139016,112832,0.0101922
70509,38082,0.00475101
22135,22130,0.00174624
22135,30293,0.00526099
139016,70717,0.0144749
139016,90732,0.00507492
70509,56007,0.0073192
70509,90515,0.006434
70509,42166,0.00475008
139016,55885,0.0101788
139016,175157,0.0144969
70509,55891,0.0064355
139016,90623,0.00337675
70509,90471,0.00899778
139016,101625,0.0127677
70509,39153,0.00897634
70509,82181,0.0115218
139037,61574,0.0127341
70524,70568,0.00758563
139180,139161,0.00506393
75788,139055,0.0110214
75788,30135,0.00845913
75788,39206,0.00168251
75788,119728,0.0110271
75788,75753,0.00931431
75788,56144,0.0101633
75788,42179,0.0115911
75788,25595,0.00760855
75788,37974,0.0127475
75788,42003,0.0144754
75788,42024,0.0110337
75788,70678,0.0135851
75788,23907,0.00760638
75788,37946,0.0127477
75788,42141,0.0101728
75788,82363,0.00421413
75788,25180,0.0101632
75788,42026,0.0101714
70652,25611,0.0025259
75788,197691,0.0118819
75788,39203,0.00930719
101788,39271,0.00847267
75788,27766,0.0101728
101788,38120,0.00845379
75788,139012,0.0127287
75788,42157,0.0101687
101788,90739,0.0084768
75788,27964,0.0101713
75788,27741,0.0118769
101788,24959,0.00931327
101788,80123,0.010163
75788,80030,0.0144547
101788,39177,0.011916
101788,56127,0.0110346
101788,56142,0.00932002
70652,27944,0.0101679
101788,55977,0.0101774
101788,16194,0.00931998
101788,23784,0.00846674
101788,35614,0.0101771
14735,61555,0.0144827
75706,90650,0.0144709
23828,39184,0.0136096
23828,7965,0.0138372
112892,80071,0.00083881
75753,56144,0.0093402
75753,42179,0.0090019
75753,25595,0.00590341
75753,90659,0.012734
75753,138928,0.0145574
75753,70670,0.0127463
75753,37974,0.009292
75753,42003,0.0127487
75753,42024,0.00760738
75753,57385,0.0118958
75753,70678,0.0118227
75753,23907,0.00844235
75753,37946,0.00760731
75753,42141,0.00759302
90530,90526,0.0103839
75753,25180,0.0084568
75753,42026,0.00757831
75753,56131,0.0118849
75753,197691,0.00672164
75753,39203,0.00672952
75753,70693,0.0126821
75753,27766,0.0075784
75753,61565,0.0127375
75753,42157,0.00928965
75753,57474,0.0118707
75753,75830,0.0135438
75753,27964,0.00926604
75753,27741,0.0101317
75753,61681,0.0135441
75753,61705,0.011835
75753,80030,0.0118367
101527,101544,0.000840898
101527,112909,0.00251901
101527,112832,0.00420479
101527,70717,0.011871
101527,90732,0.0127598
101527,55885,0.0067346
101527,175157,0.00847322
101527,90623,0.0109844
101527,101625,0.0075828
75851,75840,0.00507194
16385,22206,0.00589584
101628,90631,0.00587895
70692,101731,0.00873031
139182,175295,0.0119246
139182,112842,0.00508178
139182,101667,0.00423703
139182,175588,0.00253642
139182,101567,0.00423703
139182,119585,0.00423294
139182,139032,0.00509171
101798,61696,0.00845383
175010,101527,0.00677691
101798,55979,0.00845004
175010,101544,0.0110545
175010,112909,0.0110509
82343,56014,0.00903315
80115,119621,0.00423855
175010,55885,0.0144831
175010,175157,0.0136312
80115,22227,0.0068058
80115,90701,0.0136863
82343,23909,0.0132713
112841,75668,0.00424155
112976,175215,0.00759919
112976,175626,0.0144856
22115,37888,0.0126815
112976,175337,0.0101596
119709,30135,0.0110117
119709,39206,0.0118722
119709,56144,0.0127496
119709,25595,0.0110118
119709,37974,0.0127354
119709,42024,0.0127357
119709,127316,0.000840925
119709,23907,0.0135861
119709,37946,0.014455
119709,42141,0.0136019
119709,42026,0.0135769
119709,39203,0.0118839
119709,27766,0.0136019
175128,57420,0.010738
175128,80061,0.00338062
82209,57322,0.00761308
175128,23826,0.00846376
175128,37890,0.0136145
175128,21009,0.0110459
82225,175384,0.0145449
82225,38042,0.0111456
82225,61577,0.0129023
82225,23823,0.0102507
82225,56115,0.0137152
82225,61635,0.0145229
82225,23863,0.0136946
82225,18326,0.0137157
82225,14244,0.0146286
127389,138912,0.00168438
175536,27825,0.0135883
127389,6561,0.0144678
175536,175649,0.0093134
175760,57420,0.00734597
175760,23826,0.00849628
175760,37890,0.00934591
175760,21009,0.00678847
175760,80028,0.0110324
138959,101713,0.00935465
138959,127304,0.00677071
90494,175709,0.0110352
138959,119602,0.0110327
138959,70510,0.0110264
138959,112965,0.00421156
138959,139126,0.0084666
138959,175556,0.00930706
138959,90565,0.00675649
138959,90598,0.00846352
138959,119598,0.00761094
90494,119654,0.00758598
139018,80156,0.00168239
139018,112813,0.0144042
139038,127385,0.00854189
127396,75679,0.00858929
174999,175906,0.00763638
16217,30093,0.0143932
139151,197610,0.010383
139151,197627,0.00950703
139151,175029,0.0112496
139151,101674,0.00950393
139151,175397,0.0138719
139151,90478,0.0112923
139151,112888,0.0121336
139151,70703,0.00949959
139151,112923,0.00863023
139151,112945,0.0147502
139151,112996,0.0121413
90643,39188,0.0119301
175154,23808,0.0093141
175154,23794,0.00929045
35563,37874,0.00926441
175814,139079,0.0144524
16514,25008,0.0145133
175921,175314,0.00252574
175921,175369,0.00505837
175921,175565,0.00590511
175921,175769,0.013576
175921,101802,0.00421547
175921,139048,0.00759751
175921,175308,0.0110121
175921,139183,0.0110123
175921,175168,0.0118609
75722,80071,0.0143666
80008,18331,0.00509204
90722,23892,0.0101432
90722,30274,0.0127061
90722,38043,0.0144463
90722,39111,0.0135742
57431,25143,0.00251092
75842,55895,0.00419603
25561,27938,0.00841215
14550,8433,0.00253114
14550,101713,0.0137037
14550,127304,0.0136783
14550,70510,0.0110909
14550,175556,0.0136685
14550,90598,0.0128226
16109,25100,0.0127012
175101,175106,0.00677909
16522,30160,0.0144712
16522,14687,0.0144799
16522,5184,0.0145356
16522,4384,0.0145039
16522,90532,0.00507687
35655,80107,0
35655,30128,0.00167745
35655,56025,0.0127129
35655,75797,0.00673939
35655,61535,0.00335965
35655,55958,0.00506462
35655,127405,0.0076079
35655,90658,0.00252399
35655,16201,0.00929636
35655,27839,0.00336255
35655,38087,0.00760241
35655,57514,0.00307977
35655,70635,0.00588964
35655,101787,0.0110345
35655,101799,0.0119282
35655,25012,0.00336167
35655,138958,0.0144231
35655,25575,0.00842588
35655,27761,0.00589552
35655,61648,0.00758303
35655,138902,0.0135735
175534,175470,0
30128,56025,0.0135502
30128,75797,0.0109659
30128,61535,0.0092648
175667,138908,0.00251079
30128,55958,0.00675942
175667,75788,0.00846712
30128,127405,0.00931092
175667,119709,0.0127284
175667,139055,0.00927497
30128,90658,0.00505971
175667,30135,0.00167323
175667,39206,0.00422039
175667,119728,0.00503935
175667,75753,0.00844924
30128,16201,0.00844025
30128,27839,0.00587808
175667,56144,0.00506865
175667,42179,0.00645246
30128,38087,0.00756793
30128,57514,0.00644645
30128,70635,0.0101049
175667,25595,0.000838824
175667,90659,0.011024
175667,138928,0.00936935
30128,101787,0.0127494
30128,101799,0.0136526
175667,70670,0.0093127
30128,25012,0.0067233
175667,175355,0.014497
175667,37974,0.00335498
175667,42003,0.0110354
175667,42024,0.00419986
175667,57385,0.0101748
175667,70614,0.0101717
175667,70678,0.010122
175667,113004,0.012684
175667,101770,0.0109829
175667,23907,0.00420592
175667,37946,0.00503919
175667,42141,0.00167323
175667,25180,0.00505194
30128,25575,0.00756373
175667,42026,0.00419536
30128,27761,0.00503859
175667,56131,0.0127411
175667,101595,0.0126826
30128,61648,0.0101049
175667,197691,0.0101142
175667,39203,0.00504852
175667,70693,0.0109744
175667,80041,0.0143919
175667,27766,0.00588681
175667,61565,0.0101233
175667,42157,0.00504676
57316,57338,0.00676764
175667,57468,0.00927329
175667,57474,0.00926986
175667,75830,0.0144148
175667,75839,0.0143782
175667,112986,0.0144334
175667,27964,0.0075795
175667,27741,0.0075781
175667,61681,0.010123
175667,80035,0.0143921
175667,61705,0.0101231
175667,80030,0.00927437
175667,80042,0.0143841
175667,101764,0.014393
175667,175946,0.0143796
35556,56102,0.00649901
175739,197646,0.000854404
42591,17602,0.0135427
37912,27798,0.0144076
37912,22146,0.0143802
197626,175091,0.00853643
197626,139008,0.0128345
37965,82250,0.0102432
37965,30157,0.0068034
57462,42035,0.00168171
38004,21117,0.012661
39235,14167,0.0109514
41998,14167,0.0109709
70647,70680,0.0136343
70647,61577,0.0136594
70647,23823,0.0110347
42608,75703,0.00419601
42654,42621,0.0118063
70602,175158,0.0145262
82167,82303,0.00338527
82167,22130,0.0145347
82260,42608,0.00167415
82260,75703,0.00756953
61718,101653,0.0091672
61718,61485,0.00391122
61718,55984,0.00904229
61718,42105,0.00733536
61718,6491,0.0132766
61718,37881,0.0132391
61718,61622,0.00984857
70663,61540,0.0101722
90670,37912,0.0118382
90670,119647,0.0141171
90670,42663,0.0110194
30237,23894,0.0127224
90670,90622,0.0143767
90670,25582,0.00927761
37939,37978,0.0101969
37939,175623,0.00845723
37939,175539,0.0109596
37939,175584,0.0101078
101771,101666,0.0064752
112878,61723,0.00925189
57371,101688,0.00818464
57371,61715,0.00589635
57371,25142,0.00505906
57371,26291,0.0144534
57371,75758,0.0126974
57371,30139,0.010165
57371,24947,0.00846125
57371,21112,0.00932625
57371,57460,0.0135494
112954,75690,0.0143931
112954,22130,0.0144038
70479,37907,0.00420037
119699,119575,0.00675175
56040,56085,0.000841468
127329,90643,0.0144841
127365,119712,0.00676744
127365,127308,0.0110349
56121,8087,0.00933795
127365,127398,0.00337519
127365,22127,0.00762716
138908,75788,0.0118835
138908,119709,0.0135884
138908,139055,0.0109643
138908,30135,0.00167327
138908,39206,0.00506135
138908,119728,0.00588666
138908,75753,0.0101517
138908,56144,0.00763232
138908,42179,0.00644404
138908,25595,0.00167749
138908,90659,0.00675993
138908,138928,0.0136837
138908,70670,0.011896
138908,37974,0.00588851
138908,42003,0.0119014
138908,42024,0.00420075
138908,57385,0.0101726
138908,70614,0.0127475
138908,70678,0.0118371
138908,23907,0.00504816
138908,37946,0.00588854
138908,42141,0.00420081
138908,25180,0.00168022
138908,42026,0.00503543
138908,56131,0.0136031
138908,101595,0.0143929
138908,197691,0.010966
138908,39203,0.00673945
138908,70693,0.0109708
138908,27766,0.00759021
138908,61565,0.0109775
138908,42157,0.00757857
138908,57468,0.0101175
138908,57474,0.010121
138908,75830,0.0144118
138908,27964,0.00757488
138908,27741,0.00335504
138908,61681,0.0109771
138908,61705,0.0101209
138908,80030,0.0109914
138972,119663,0.00336811
139121,70742,0.00336685
70651,16374,0.0135929
70651,82220,0.00337245
70651,70665,0.0119032
175072,25562,0.014447
175072,138941,0.00673932
175129,42149,0.0149712
175129,27804,0.0118314
75755,101691,0.0118727
175816,56053,0.00673457
82257,101788,0.0133054
82257,39271,0.00897176
82257,38120,0.0115272
82257,90739,0.0149467
82257,24959,0.00729975
82257,80123,0.0132262
5272,14482,0.0120857
82257,39177,0.0115981
197694,175060,0.013319
82257,56127,0.0141692
82257,56142,0.0124474
82257,57315,0.0123798
82257,55977,0.0123836
82257,16194,0.00985108
82257,23784,0.00899791
82257,35614,0.0132389
82257,39252,0.0141243
197694,82328,0.0135742
197694,82318,0.00337101
6884,14677,0.0136416
90506,175437,0.00507252
90506,175879,0.00591388
90506,82248,0.0050596
23816,14628,0.00844076
42177,25159,0.0144427
42177,14674,0.0127014
42177,22152,0.00675178
56003,139194,0.0138166
21052,14446,0.00675089
75709,75816,0.00683817
75709,70735,0.00512073
75709,90708,0.011183
139188,79964,0.00590504
175182,174992,0.0101608
175182,75841,0.0101536
175182,61628,0.00931163
30212,18425,0
17684,39133,0.00855278
17684,30072,0.00826234
17684,139067,0.011988
17684,22103,0.0137282
17684,25097,0.0111192
17684,28005,0.0111346
22132,22133,0.00758742
25035,56097,0.0115579
25159,61729,0.00899668
90638,90645,0.00393021
112983,75835,0.0141479
127373,14600,0.00927653
35669,27782,0.0118403
35669,23875,0.0102094
37915,30064,0.00590572
22122,80002,0.0135161
22122,23891,0.0144244
38052,22123,0.0135443
42018,75795,0.0144309
57499,175549,0.0118892
80102,101791,0.0093225
14482,23891,0.0143923
14482,7904,0.0118259
14482,16206,0.012647
14482,27757,0.0109556
14482,14674,0.00925226
14482,4384,0.0144131
14482,17679,0.0084228
17674,35600,0.0127449
90590,138982,0.0119286
90590,101626,0.0127795
90590,127365,0.00676893
90590,119712,0.00677466
90590,127308,0.0127416
90590,127398,0.00507589
90590,22127,0.00935008
90628,80171,0.0127145
101688,61715,0.00903198
101688,25142,0.00817662
101688,26291,0.0125204
101688,75758,0.00902928
101688,30139,0.0116133
101688,24947,0.0107635
101688,21112,0.0133305
101688,57460,0.00477752
138929,90670,0.0126687
138929,37912,0.0143676
138929,25582,0.0144018
138949,127401,0.000840092
112897,42654,0.0101491
112897,42621,0.00931407
127382,42659,0.00677153
127382,119618,0.00168171
175027,39144,0.00422909
1816,175078,0.0129083
21085,25605,0.00337108
18392,18381,0.00672476
22160,39264,0.0117974
22182,22181,0.00672764
35516,25159,0.00759703
42050,39166,0.0067819
42070,80013,0.00672767
61670,175630,0.0144943
75672,70713,0.00650869
75672,39266,0.00447329
75672,42067,0.00391037
75672,82265,0.00644277
138913,57472,0.0102126
138913,30231,0.0136562
14458,56081,0.00818137
79988,79965,0.00560267
80015,82184,0.000840901
80015,101543,0.0067675
80015,101574,0.00675038
139087,35494,0.0101726
175124,82232,0.00252578
14527,18388,0.0067318
18363,14677,0.0073247
21073,23798,0.00928766
24966,23891,0.0135642
57403,16397,0.0142433
61627,61677,0.00503835
61627,57478,0.00841792
70704,23882,0.012798
70704,20996,0.0110517
90465,16157,0.0145438
90479,22231,0.00252542
90479,21078,0.00675737
139027,16396,0.0135398
